cik,symbol,year,quarter,filing_url
1800,ABT,2018/,QTR4/,https://www.sec.gov/Archives/edgar/data/1551138/0001638599-18-001154.txt
2488,AMD,2018/,QTR4/,https://www.sec.gov/Archives/edgar/data/1663719/0001127602-18-028974.txt
2969,APD,2018/,QTR4/,https://www.sec.gov/Archives/edgar/data/1748810/0000903423-18-000536.txt
3570,LNG,2018/,QTR4/,https://www.sec.gov/Archives/edgar/data/910638/0001209191-18-054365.txt
4127,SWKS,2018/,QTR4/,https://www.sec.gov/Archives/edgar/data/66740/0001127602-18-029095.txt
4281,ARNC,2018/,QTR4/,https://www.sec.gov/Archives/edgar/data/1478660/0001104659-18-060328.txt
4447,HES,2018/,QTR4/,https://www.sec.gov/Archives/edgar/data/1551139/0001638599-18-001156.txt
4457,UHAL,2018/,QTR4/,https://www.sec.gov/Archives/edgar/data/1551139/0001638599-18-001150.txt
4904,AEP,2018/,QTR4/,https://www.sec.gov/Archives/edgar/data/1551139/0001638599-18-001153.txt
4962,AXP,2018/,QTR4/,https://www.sec.gov/Archives/edgar/data/1591442/0001209191-18-054366.txt
4977,AFL,2018/,QTR4/,https://www.sec.gov/Archives/edgar/data/1023731/0001023731-18-000040.txt
5272,AIG,2018/,QTR4/,https://www.sec.gov/Archives/edgar/data/1591588/0001591588-18-000053.txt
5513,UNM,2018/,QTR4/,https://www.sec.gov/Archives/edgar/data/1709665/0000947871-18-000795.txt
6201,AAL,2018/,QTR4/,https://www.sec.gov/Archives/edgar/data/1192382/0001209191-18-053440.txt
6281,ADI,2018/,QTR4/,https://www.sec.gov/Archives/edgar/data/824142/0000824142-18-000097.txt
6769,APA,2018/,QTR4/,https://www.sec.gov/Archives/edgar/data/1750/0001127602-18-028746.txt
6951,AMAT,2018/,QTR4/,https://www.sec.gov/Archives/edgar/data/1800/0001179110-18-011958.txt
7084,ADM,2018/,QTR4/,https://www.sec.gov/Archives/edgar/data/1199936/0000315858-18-000087.txt
7431,AWI,2018/,QTR4/,https://www.sec.gov/Archives/edgar/data/1222888/0001127602-18-028774.txt
7536,ARW,2018/,QTR4/,https://www.sec.gov/Archives/edgar/data/815094/0001179110-18-012017.txt
7789,ASB,2018/,QTR4/,https://www.sec.gov/Archives/edgar/data/1550962/0000318300-18-000223.txt
8670,ADP,2018/,QTR4/,https://www.sec.gov/Archives/edgar/data/1201260/0001705696-18-000070.txt
8818,AVY,2018/,QTR4/,https://www.sec.gov/Archives/edgar/data/712034/0000712034-18-000137.txt
8858,AVT,2018/,QTR4/,https://www.sec.gov/Archives/edgar/data/1138723/0001138723-18-000050.txt
9389,BLL,2018/,QTR4/,https://www.sec.gov/Archives/edgar/data/2034/0001567619-18-003735.txt
10456,BAX,2018/,QTR4/,https://www.sec.gov/Archives/edgar/data/1220630/0001628280-18-012240.txt
10795,BDX,2018/,QTR4/,https://www.sec.gov/Archives/edgar/data/1209930/0001562180-18-004109.txt
11544,WRB,2018/,QTR4/,https://www.sec.gov/Archives/edgar/data/1008848/0001567619-18-003636.txt
12208,BIO,2018/,QTR4/,https://www.sec.gov/Archives/edgar/data/1183934/0001209191-18-053009.txt
12659,HRB,2018/,QTR4/,https://www.sec.gov/Archives/edgar/data/1196980/0000099780-18-000159.txt
12927,BA,2018/,QTR4/,https://www.sec.gov/Archives/edgar/data/1525211/0001209191-18-052940.txt
14272,BMY,2018/,QTR4/,https://www.sec.gov/Archives/edgar/data/1175182/0001225208-18-014406.txt
14930,BC,2018/,QTR4/,https://www.sec.gov/Archives/edgar/data/1395848/0001567619-18-003674.txt
16040,CBT,2018/,QTR4/,https://www.sec.gov/Archives/edgar/data/796343/0000796343-18-000164.txt
16058,CACI,2018/,QTR4/,https://www.sec.gov/Archives/edgar/data/1703056/0001703056-18-000045.txt
16732,CPB,2018/,QTR4/,https://www.sec.gov/Archives/edgar/data/1097278/0001179110-18-011767.txt
16918,STZ,2018/,QTR4/,https://www.sec.gov/Archives/edgar/data/868857/0001179110-18-011967.txt
18230,CAT,2018/,QTR4/,https://www.sec.gov/Archives/edgar/data/1040470/0001040470-18-000048.txt
18349,SNV,2018/,QTR4/,https://www.sec.gov/Archives/edgar/data/1337553/0001209191-18-052854.txt
18926,CTL,2018/,QTR4/,https://www.sec.gov/Archives/edgar/data/1036848/0001567619-18-003672.txt
19446,CMD,2018/,QTR4/,https://www.sec.gov/Archives/edgar/data/40888/0001127602-18-029686.txt
19584,CHE,2018/,QTR4/,https://www.sec.gov/Archives/edgar/data/1122304/0001122304-18-000136.txt
19617,JPM,2018/,QTR4/,https://www.sec.gov/Archives/edgar/data/1514281/0001514281-18-000005.txt
20286,CINF,2018/,QTR4/,https://www.sec.gov/Archives/edgar/data/1314626/0001314626-18-000012.txt
21076,CLX,2018/,QTR4/,https://www.sec.gov/Archives/edgar/data/1098972/0001288123-18-000024.txt
21175,CNA,2018/,QTR4/,https://www.sec.gov/Archives/edgar/data/1722689/0001376139-18-000061.txt
21344,KO,2018/,QTR4/,https://www.sec.gov/Archives/edgar/data/1196612/0000320193-18-000122.txt
21510,COHR,2018/,QTR4/,https://www.sec.gov/Archives/edgar/data/1253559/0001209191-18-053348.txt
21665,CL,2018/,QTR4/,https://www.sec.gov/Archives/edgar/data/2969/0001225208-18-013833.txt
22356,CBSH,2018/,QTR4/,https://www.sec.gov/Archives/edgar/data/353184/0001045714-18-000004.txt
23217,CAG,2018/,QTR4/,https://www.sec.gov/Archives/edgar/data/918160/0000918160-18-000142.txt
24545,TAP,2018/,QTR4/,https://www.sec.gov/Archives/edgar/data/766421/0001246360-18-002325.txt
24741,GLW,2018/,QTR4/,https://www.sec.gov/Archives/edgar/data/1467275/0001594012-18-000080.txt
25232,CUZ,2018/,QTR4/,https://www.sec.gov/Archives/edgar/data/1182045/0001209191-18-053693.txt
25445,CR,2018/,QTR4/,https://www.sec.gov/Archives/edgar/data/1287248/0001209191-18-053450.txt
26172,CMI,2018/,QTR4/,https://www.sec.gov/Archives/edgar/data/1009059/0001022321-18-000084.txt
26324,CW,2018/,QTR4/,https://www.sec.gov/Archives/edgar/data/1230428/0001412665-18-000115.txt
27419,TGT,2018/,QTR4/,https://www.sec.gov/Archives/edgar/data/1015997/0000886346-18-000096.txt
27904,DAL,2018/,QTR4/,https://www.sec.gov/Archives/edgar/data/1240014/0001209191-18-052826.txt
28412,CMA,2018/,QTR4/,https://www.sec.gov/Archives/edgar/data/1423824/0001209191-18-054084.txt
29534,DG,2018/,QTR4/,https://www.sec.gov/Archives/edgar/data/1530101/0000356028-18-000148.txt
29644,DCI,2018/,QTR4/,https://www.sec.gov/Archives/edgar/data/1241731/0001209191-18-052811.txt
29905,DOV,2018/,QTR4/,https://www.sec.gov/Archives/edgar/data/1025092/0001209191-18-054449.txt
29989,OMC,2018/,QTR4/,https://www.sec.gov/Archives/edgar/data/1185039/0001179110-18-011954.txt
30554,DD,2018/,QTR4/,https://www.sec.gov/Archives/edgar/data/1185039/0001567619-18-003781.txt
30625,FLS,2018/,QTR4/,https://www.sec.gov/Archives/edgar/data/1204901/0001246360-18-002297.txt
30697,WEN,2018/,QTR4/,https://www.sec.gov/Archives/edgar/data/1074514/0001127602-18-029349.txt
31462,ECL,2018/,QTR4/,https://www.sec.gov/Archives/edgar/data/942698/0001493152-18-014016.txt
31791,PKI,2018/,QTR4/,https://www.sec.gov/Archives/edgar/data/1091619/0001205233-18-000075.txt
32604,EMR,2018/,QTR4/,https://www.sec.gov/Archives/edgar/data/1035443/0001035443-18-000195.txt
33185,EFX,2018/,QTR4/,https://www.sec.gov/Archives/edgar/data/1580247/0001209191-18-052902.txt
33213,EQT,2018/,QTR4/,https://www.sec.gov/Archives/edgar/data/775368/0000921895-18-002691.txt
34088,XOM,2018/,QTR4/,https://www.sec.gov/Archives/edgar/data/1576194/0001401708-18-000124.txt
34903,FRT,2018/,QTR4/,https://www.sec.gov/Archives/edgar/data/1191569/0001137411-18-000075.txt
35527,FITB,2018/,QTR4/,https://www.sec.gov/Archives/edgar/data/1205268/0001209191-18-053105.txt
36047,CLGX,2018/,QTR4/,https://www.sec.gov/Archives/edgar/data/1162028/0001398344-18-014262.txt
36104,USB,2018/,QTR4/,https://www.sec.gov/Archives/edgar/data/939930/0000939930-18-000073.txt
36270,MTB,2018/,QTR4/,https://www.sec.gov/Archives/edgar/data/1086600/0001179110-18-011971.txt
36377,FHB,2018/,QTR4/,https://www.sec.gov/Archives/edgar/data/1109448/0001209191-18-052793.txt
36966,FHN,2018/,QTR4/,https://www.sec.gov/Archives/edgar/data/899051/0001127602-18-029387.txt
37785,FMC,2018/,QTR4/,https://www.sec.gov/Archives/edgar/data/1639477/0000047518-18-000085.txt
37808,FNB,2018/,QTR4/,https://www.sec.gov/Archives/edgar/data/1626199/0000899243-18-025713.txt
37996,F,2018/,QTR4/,https://www.sec.gov/Archives/edgar/data/1083436/0001209191-18-054134.txt
38777,BEN,2018/,QTR4/,https://www.sec.gov/Archives/edgar/data/1746738/0001213900-18-013610.txt
39263,CFR,2018/,QTR4/,https://www.sec.gov/Archives/edgar/data/1191307/0001093557-18-000213.txt
39911,GPS,2018/,QTR4/,https://www.sec.gov/Archives/edgar/data/764180/0001182489-18-000426.txt
40533,GD,2018/,QTR4/,https://www.sec.gov/Archives/edgar/data/1550395/0001209191-18-053152.txt
40545,GE,2018/,QTR4/,https://www.sec.gov/Archives/edgar/data/1720126/0001365916-18-000022.txt
40704,GIS,2018/,QTR4/,https://www.sec.gov/Archives/edgar/data/897448/0001209191-18-053459.txt
40729,ALLY,2018/,QTR4/,https://www.sec.gov/Archives/edgar/data/1514991/0000899243-18-025817.txt
40987,GPC,2018/,QTR4/,https://www.sec.gov/Archives/edgar/data/896262/0000899243-18-025705.txt
42582,GT,2018/,QTR4/,https://www.sec.gov/Archives/edgar/data/4457/0001225208-18-014449.txt
42888,GGG,2018/,QTR4/,https://www.sec.gov/Archives/edgar/data/919012/0001225208-18-014310.txt
45012,HAL,2018/,QTR4/,https://www.sec.gov/Archives/edgar/data/4904/0001398889-18-000118.txt
46080,HAS,2018/,QTR4/,https://www.sec.gov/Archives/edgar/data/1738751/0001104659-18-059736.txt
46195,BOH,2018/,QTR4/,https://www.sec.gov/Archives/edgar/data/4962/0001127602-18-029136.txt
46619,HEI,2018/,QTR4/,https://www.sec.gov/Archives/edgar/data/5272/0001225208-18-013907.txt
46765,HP,2018/,QTR4/,https://www.sec.gov/Archives/edgar/data/1201792/0001123292-18-000980.txt
47111,HSY,2018/,QTR4/,https://www.sec.gov/Archives/edgar/data/1056903/0001209191-18-052891.txt
47217,HPQ,2018/,QTR4/,https://www.sec.gov/Archives/edgar/data/1053507/0001338678-18-000043.txt
47518,HRC,2018/,QTR4/,https://www.sec.gov/Archives/edgar/data/932628/0001209191-18-053859.txt
48039,HFC,2018/,QTR4/,https://www.sec.gov/Archives/edgar/data/1140859/0001127602-18-029025.txt
48465,HRL,2018/,QTR4/,https://www.sec.gov/Archives/edgar/data/1178879/0000899243-18-026272.txt
48898,HUBB,2018/,QTR4/,https://www.sec.gov/Archives/edgar/data/773910/0001127602-18-028992.txt
49071,HUM,2018/,QTR4/,https://www.sec.gov/Archives/edgar/data/6281/0000006281-18-000117.txt
49196,HBAN,2018/,QTR4/,https://www.sec.gov/Archives/edgar/data/1314052/0001615774-18-010436.txt
49826,ITW,2018/,QTR4/,https://www.sec.gov/Archives/edgar/data/50104/0001209191-18-054167.txt
50863,INTC,2018/,QTR4/,https://www.sec.gov/Archives/edgar/data/50104/0000899243-18-025921.txt
51143,IBM,2018/,QTR4/,https://www.sec.gov/Archives/edgar/data/1753548/0001179110-18-011773.txt
51253,IFF,2018/,QTR4/,https://www.sec.gov/Archives/edgar/data/1227159/0001209191-18-052642.txt
51434,IP,2018/,QTR4/,https://www.sec.gov/Archives/edgar/data/1193504/0001028734-18-000119.txt
51644,IPG,2018/,QTR4/,https://www.sec.gov/Archives/edgar/data/1190775/0001209191-18-052957.txt
52827,RYN,2018/,QTR4/,https://www.sec.gov/Archives/edgar/data/1705110/0001179110-18-011854.txt
54480,KSU,2018/,QTR4/,https://www.sec.gov/Archives/edgar/data/1215356/0000950117-18-000337.txt
55067,K,2018/,QTR4/,https://www.sec.gov/Archives/edgar/data/52795/0001209191-18-053901.txt
55785,KMB,2018/,QTR4/,https://www.sec.gov/Archives/edgar/data/1016169/0001209191-18-054297.txt
56047,KEX,2018/,QTR4/,https://www.sec.gov/Archives/edgar/data/1244482/0001020569-18-000106.txt
56873,KR,2018/,QTR4/,https://www.sec.gov/Archives/edgar/data/6769/0001357400-18-000140.txt
58492,LEG,2018/,QTR4/,https://www.sec.gov/Archives/edgar/data/1204651/0001562180-18-004097.txt
59478,LLY,2018/,QTR4/,https://www.sec.gov/Archives/edgar/data/1433195/0001433195-18-000054.txt
59527,LECO,2018/,QTR4/,https://www.sec.gov/Archives/edgar/data/1441683/0001209191-18-053294.txt
59558,LNC,2018/,QTR4/,https://www.sec.gov/Archives/edgar/data/109563/0000109563-18-000119.txt
60086,L,2018/,QTR4/,https://www.sec.gov/Archives/edgar/data/6951/0001127602-18-029489.txt
60667,LOW,2018/,QTR4/,https://www.sec.gov/Archives/edgar/data/78128/0001127602-18-029209.txt
62709,MMC,2018/,QTR4/,https://www.sec.gov/Archives/edgar/data/1234357/0001127602-18-029476.txt
62996,MAS,2018/,QTR4/,https://www.sec.gov/Archives/edgar/data/7084/0001225208-18-014276.txt
63276,MAT,2018/,QTR4/,https://www.sec.gov/Archives/edgar/data/1216543/0001209191-18-053129.txt
63754,MKC,2018/,QTR4/,https://www.sec.gov/Archives/edgar/data/1601086/0000919574-18-006525.txt
63908,MCD,2018/,QTR4/,https://www.sec.gov/Archives/edgar/data/1026161/0001000623-18-000083.txt
64040,SPGI,2018/,QTR4/,https://www.sec.gov/Archives/edgar/data/1268849/0001567619-18-003662.txt
64803,CVS,2018/,QTR4/,https://www.sec.gov/Archives/edgar/data/1215995/0001001039-18-000162.txt
64996,MCY,2018/,QTR4/,https://www.sec.gov/Archives/edgar/data/1529132/0001213900-18-013373.txt
65984,ETR,2018/,QTR4/,https://www.sec.gov/Archives/edgar/data/863110/0001127602-18-028893.txt
66740,MMM,2018/,QTR4/,https://www.sec.gov/Archives/edgar/data/1674862/0001127602-18-029126.txt
67716,MDU,2018/,QTR4/,https://www.sec.gov/Archives/edgar/data/1195347/0000048287-18-000198.txt
68505,MSI,2018/,QTR4/,https://www.sec.gov/Archives/edgar/data/1487198/0001553350-18-001093.txt
70145,NFG,2018/,QTR4/,https://www.sec.gov/Archives/edgar/data/929940/0001127602-18-029034.txt
70858,BAC,2018/,QTR4/,https://www.sec.gov/Archives/edgar/data/928966/0001209191-18-053533.txt
70866,NCR,2018/,QTR4/,https://www.sec.gov/Archives/edgar/data/8063/0001209191-18-052798.txt
71691,NYT,2018/,QTR4/,https://www.sec.gov/Archives/edgar/data/732717/0001127602-18-029065.txt
72207,NBL,2018/,QTR4/,https://www.sec.gov/Archives/edgar/data/1131096/0001131096-18-000196.txt
72331,NDSN,2018/,QTR4/,https://www.sec.gov/Archives/edgar/data/1260096/0001225208-18-014420.txt
72333,JWN,2018/,QTR4/,https://www.sec.gov/Archives/edgar/data/1419242/0001179110-18-011736.txt
72741,ES,2018/,QTR4/,https://www.sec.gov/Archives/edgar/data/731802/0001127602-18-029045.txt
72903,XEL,2018/,QTR4/,https://www.sec.gov/Archives/edgar/data/1203342/0001179110-18-011813.txt
72971,WFC,2018/,QTR4/,https://www.sec.gov/Archives/edgar/data/826253/0001209191-18-054376.txt
73124,NTRS,2018/,QTR4/,https://www.sec.gov/Archives/edgar/data/866787/0001225208-18-013920.txt
73309,NUE,2018/,QTR4/,https://www.sec.gov/Archives/edgar/data/39677/0001179110-18-011931.txt
74208,UDR,2018/,QTR4/,https://www.sec.gov/Archives/edgar/data/1377789/0001377789-18-000091.txt
74260,ORI,2018/,QTR4/,https://www.sec.gov/Archives/edgar/data/8858/0001127602-18-029504.txt
74303,OLN,2018/,QTR4/,https://www.sec.gov/Archives/edgar/data/8868/0001209191-18-052864.txt
75362,PCAR,2018/,QTR4/,https://www.sec.gov/Archives/edgar/data/1006053/0001246360-18-002305.txt
75677,PKG,2018/,QTR4/,https://www.sec.gov/Archives/edgar/data/859163/0001127602-18-029265.txt
76334,PH,2018/,QTR4/,https://www.sec.gov/Archives/edgar/data/1650781/0000902664-18-003599.txt
77360,PNR,2018/,QTR4/,https://www.sec.gov/Archives/edgar/data/1069183/0001069183-18-000102.txt
77476,PEP,2018/,QTR4/,https://www.sec.gov/Archives/edgar/data/1461865/0000004281-18-000116.txt
78003,PFE,2018/,QTR4/,https://www.sec.gov/Archives/edgar/data/1254088/0001720088-18-000016.txt
78239,PVH,2018/,QTR4/,https://www.sec.gov/Archives/edgar/data/1367776/0001567619-18-003634.txt
79282,BRO,2018/,QTR4/,https://www.sec.gov/Archives/edgar/data/1551152/0001179110-18-011829.txt
79879,PPG,2018/,QTR4/,https://www.sec.gov/Archives/edgar/data/1660027/0001567619-18-003504.txt
80424,PG,2018/,QTR4/,https://www.sec.gov/Archives/edgar/data/1511696/0001171843-18-006773.txt
80661,PGR,2018/,QTR4/,https://www.sec.gov/Archives/edgar/data/1503290/0001446215-18-000004.txt
82811,RBC,2018/,QTR4/,https://www.sec.gov/Archives/edgar/data/1694482/0000914190-18-000422.txt
84839,ROL,2018/,QTR4/,https://www.sec.gov/Archives/edgar/data/1590728/0000899243-18-025911.txt
85535,RGLD,2018/,QTR4/,https://www.sec.gov/Archives/edgar/data/1425152/0001209191-18-054386.txt
85961,R,2018/,QTR4/,https://www.sec.gov/Archives/edgar/data/1326633/0001638599-18-001147.txt
86312,TRV,2018/,QTR4/,https://www.sec.gov/Archives/edgar/data/1651235/0001651235-18-000164.txt
87347,SLB,2018/,QTR4/,https://www.sec.gov/Archives/edgar/data/1467373/0001467373-18-000289.txt
88121,SEB,2018/,QTR4/,https://www.sec.gov/Archives/edgar/data/1557746/0001209191-18-054397.txt
89089,SCI,2018/,QTR4/,https://www.sec.gov/Archives/edgar/data/1738354/0001104659-18-060364.txt
89800,SHW,2018/,QTR4/,https://www.sec.gov/Archives/edgar/data/1621227/0001104659-18-060128.txt
91142,AOS,2018/,QTR4/,https://www.sec.gov/Archives/edgar/data/1670541/0001127602-18-029435.txt
91419,SJM,2018/,QTR4/,https://www.sec.gov/Archives/edgar/data/1400395/0001209191-18-053073.txt
91440,SNA,2018/,QTR4/,https://www.sec.gov/Archives/edgar/data/730464/0001127602-18-028805.txt
91576,KEY,2018/,QTR4/,https://www.sec.gov/Archives/edgar/data/1673985/0001673985-18-000108.txt
91767,SON,2018/,QTR4/,https://www.sec.gov/Archives/edgar/data/1675059/0001104659-18-059661.txt
92122,SO,2018/,QTR4/,https://www.sec.gov/Archives/edgar/data/353020/0001437749-18-017907.txt
92380,LUV,2018/,QTR4/,https://www.sec.gov/Archives/edgar/data/1711750/0001179110-18-011996.txt
93410,CVX,2018/,QTR4/,https://www.sec.gov/Archives/edgar/data/1519118/0000899243-18-025959.txt
93556,SWK,2018/,QTR4/,https://www.sec.gov/Archives/edgar/data/1316282/0001567619-18-003343.txt
93751,STT,2018/,QTR4/,https://www.sec.gov/Archives/edgar/data/1592016/0000899243-18-025806.txt
96021,SYY,2018/,QTR4/,https://www.sec.gov/Archives/edgar/data/1381112/0001127602-18-028831.txt
96943,TFX,2018/,QTR4/,https://www.sec.gov/Archives/edgar/data/1700518/0001615774-18-010232.txt
97210,TER,2018/,QTR4/,https://www.sec.gov/Archives/edgar/data/1750309/0000876167-18-000113.txt
97476,TXN,2018/,QTR4/,https://www.sec.gov/Archives/edgar/data/1557533/0001209191-18-052907.txt
97745,TMO,2018/,QTR4/,https://www.sec.gov/Archives/edgar/data/1557533/0001567619-18-003780.txt
98246,TIF,2018/,QTR4/,https://www.sec.gov/Archives/edgar/data/1295252/0001272830-18-000121.txt
98362,TKR,2018/,QTR4/,https://www.sec.gov/Archives/edgar/data/1627197/0000045012-18-000155.txt
99780,TRN,2018/,QTR4/,https://www.sec.gov/Archives/edgar/data/1627197/0001209191-18-053564.txt
100493,TSN,2018/,QTR4/,https://www.sec.gov/Archives/edgar/data/1754322/0001179110-18-011977.txt
100517,UAL,2018/,QTR4/,https://www.sec.gov/Archives/edgar/data/1299430/0001209191-18-053523.txt
100885,UNP,2018/,QTR4/,https://www.sec.gov/Archives/edgar/data/1675149/0001209191-18-054404.txt
101778,MRO,2018/,QTR4/,https://www.sec.gov/Archives/edgar/data/1734412/0001209191-18-053949.txt
101829,UTX,2018/,QTR4/,https://www.sec.gov/Archives/edgar/data/1676146/0001609711-18-000220.txt
101830,S,2018/,QTR4/,https://www.sec.gov/Archives/edgar/data/1545654/0001225208-18-014466.txt
102729,VMI,2018/,QTR4/,https://www.sec.gov/Archives/edgar/data/1672990/0001434728-18-000201.txt
103379,VFC,2018/,QTR4/,https://www.sec.gov/Archives/edgar/data/1520262/0001127602-18-029250.txt
104169,WMT,2018/,QTR4/,https://www.sec.gov/Archives/edgar/data/1642081/0001642081-18-000101.txt
104889,GHC,2018/,QTR4/,https://www.sec.gov/Archives/edgar/data/1356186/0001127602-18-028696.txt
105016,WSO,2018/,QTR4/,https://www.sec.gov/Archives/edgar/data/1668948/0001213900-18-013334.txt
105770,WST,2018/,QTR4/,https://www.sec.gov/Archives/edgar/data/1719229/0001719229-18-000004.txt
106040,WDC,2018/,QTR4/,https://www.sec.gov/Archives/edgar/data/1453440/0001225208-18-014052.txt
106535,WY,2018/,QTR4/,https://www.sec.gov/Archives/edgar/data/1618793/0001209191-18-054263.txt
106640,WHR,2018/,QTR4/,https://www.sec.gov/Archives/edgar/data/1585901/0001493152-18-014173.txt
107263,WMB,2018/,QTR4/,https://www.sec.gov/Archives/edgar/data/1652044/0001209191-18-052676.txt
108312,WWD,2018/,QTR4/,https://www.sec.gov/Archives/edgar/data/1365933/0001562180-18-004179.txt
108772,XRX,2018/,QTR4/,https://www.sec.gov/Archives/edgar/data/1689923/0001209191-18-053240.txt
109198,TJX,2018/,QTR4/,https://www.sec.gov/Archives/edgar/data/1326190/0001012975-18-001091.txt
109380,ZION,2018/,QTR4/,https://www.sec.gov/Archives/edgar/data/1054970/0001415889-18-001440.txt
110621,RPM,2018/,QTR4/,https://www.sec.gov/Archives/edgar/data/1458116/0001209191-18-053768.txt
200406,JNJ,2018/,QTR4/,https://www.sec.gov/Archives/edgar/data/1549014/0001209191-18-053024.txt
203527,VAR,2018/,QTR4/,https://www.sec.gov/Archives/edgar/data/1310215/0001209191-18-054250.txt
216228,ITT,2018/,QTR4/,https://www.sec.gov/Archives/edgar/data/1668461/0001593968-18-001312.txt
217346,TXT,2018/,QTR4/,https://www.sec.gov/Archives/edgar/data/1315419/0001601712-18-000255.txt
277135,GWW,2018/,QTR4/,https://www.sec.gov/Archives/edgar/data/1300190/0000950142-18-001995.txt
277948,CSX,2018/,QTR4/,https://www.sec.gov/Archives/edgar/data/1347941/0001225208-18-014157.txt
310158,MRK,2018/,QTR4/,https://www.sec.gov/Archives/edgar/data/1488139/0001488139-18-000076.txt
310764,SYK,2018/,QTR4/,https://www.sec.gov/Archives/edgar/data/1568162/0001144204-18-051628.txt
313616,DHR,2018/,QTR4/,https://www.sec.gov/Archives/edgar/data/1513965/0001628280-18-012284.txt
313927,CHD,2018/,QTR4/,https://www.sec.gov/Archives/edgar/data/1335360/0001127602-18-028980.txt
315189,DE,2018/,QTR4/,https://www.sec.gov/Archives/edgar/data/1559514/0001567619-18-003454.txt
315213,RHI,2018/,QTR4/,https://www.sec.gov/Archives/edgar/data/1411906/0001209191-18-053316.txt
315293,AON,2018/,QTR4/,https://www.sec.gov/Archives/edgar/data/1486343/0001214659-18-006352.txt
315852,RRC,2018/,QTR4/,https://www.sec.gov/Archives/edgar/data/1559294/0001109357-18-000083.txt
316709,SCHW,2018/,QTR4/,https://www.sec.gov/Archives/edgar/data/1472588/0001562180-18-004098.txt
318154,AMGN,2018/,QTR4/,https://www.sec.gov/Archives/edgar/data/1304554/0001161697-18-000464.txt
319201,KLAC,2018/,QTR4/,https://www.sec.gov/Archives/edgar/data/1577417/0001123292-18-000977.txt
320187,NKE,2018/,QTR4/,https://www.sec.gov/Archives/edgar/data/1331802/0001209191-18-053202.txt
320193,AAPL,2018/,QTR4/,https://www.sec.gov/Archives/edgar/data/1692622/0001225208-18-014159.txt
350698,AN,2018/,QTR4/,https://www.sec.gov/Archives/edgar/data/1397146/0000010254-18-000042.txt
350797,EV,2018/,QTR4/,https://www.sec.gov/Archives/edgar/data/1289294/0001209191-18-053236.txt
350894,SEIC,2018/,QTR4/,https://www.sec.gov/Archives/edgar/data/1340351/0001032220-18-000080.txt
352541,LNT,2018/,QTR4/,https://www.sec.gov/Archives/edgar/data/1352618/0001628280-18-012293.txt
352915,UHS,2018/,QTR4/,https://www.sec.gov/Archives/edgar/data/715446/0001513162-18-000249.txt
354190,AJG,2018/,QTR4/,https://www.sec.gov/Archives/edgar/data/1156039/0001127602-18-029583.txt
354707,HE,2018/,QTR4/,https://www.sec.gov/Archives/edgar/data/1297010/0001209191-18-053036.txt
354908,FLIR,2018/,QTR4/,https://www.sec.gov/Archives/edgar/data/1620083/0001620083-18-000022.txt
354950,HD,2018/,QTR4/,https://www.sec.gov/Archives/edgar/data/1405073/0001209191-18-053379.txt
355811,GNTX,2018/,QTR4/,https://www.sec.gov/Archives/edgar/data/1422841/0001179110-18-011892.txt
701221,CI,2018/,QTR4/,https://www.sec.gov/Archives/edgar/data/1398733/0001140361-18-039942.txt
701374,SIX,2018/,QTR4/,https://www.sec.gov/Archives/edgar/data/1739445/0001739445-18-000015.txt
701985,LB,2018/,QTR4/,https://www.sec.gov/Archives/edgar/data/1754938/0001104659-18-060763.txt
702165,NSC,2018/,QTR4/,https://www.sec.gov/Archives/edgar/data/1323134/0000014272-18-000185.txt
704051,LM,2018/,QTR4/,https://www.sec.gov/Archives/edgar/data/1091748/0000899243-18-026310.txt
707549,LRCX,2018/,QTR4/,https://www.sec.gov/Archives/edgar/data/1718998/0001127602-18-028756.txt
711404,COO,2018/,QTR4/,https://www.sec.gov/Archives/edgar/data/1498122/0001213900-18-013543.txt
712515,EA,2018/,QTR4/,https://www.sec.gov/Archives/edgar/data/1596532/0001596532-18-000223.txt
713676,PNC,2018/,QTR4/,https://www.sec.gov/Archives/edgar/data/1209028/0000899243-18-025792.txt
715957,D,2018/,QTR4/,https://www.sec.gov/Archives/edgar/data/1569187/0000925421-18-000322.txt
717423,MUR,2018/,QTR4/,https://www.sec.gov/Archives/edgar/data/1377480/0000757011-18-000094.txt
717605,HXL,2018/,QTR4/,https://www.sec.gov/Archives/edgar/data/1360597/0001050825-18-000162.txt
718877,ATVI,2018/,QTR4/,https://www.sec.gov/Archives/edgar/data/1428205/0001428205-18-000247.txt
719739,SIVB,2018/,QTR4/,https://www.sec.gov/Archives/edgar/data/1399885/0001680247-18-000081.txt
719955,WSM,2018/,QTR4/,https://www.sec.gov/Archives/edgar/data/1580189/0001209191-18-053973.txt
720005,RJF,2018/,QTR4/,https://www.sec.gov/Archives/edgar/data/1480501/0001179110-18-011828.txt
721371,CAH,2018/,QTR4/,https://www.sec.gov/Archives/edgar/data/1336059/0001104659-18-060073.txt
723125,MU,2018/,QTR4/,https://www.sec.gov/Archives/edgar/data/1716010/0001245105-18-000121.txt
723254,CTAS,2018/,QTR4/,https://www.sec.gov/Archives/edgar/data/1464822/0000927066-18-000185.txt
723531,PAYX,2018/,QTR4/,https://www.sec.gov/Archives/edgar/data/1464822/0001127602-18-028931.txt
726728,O,2018/,QTR4/,https://www.sec.gov/Archives/edgar/data/1570400/0000016058-18-000059.txt
726958,CASY,2018/,QTR4/,https://www.sec.gov/Archives/edgar/data/1498301/0001498301-18-000079.txt
728535,JBHT,2018/,QTR4/,https://www.sec.gov/Archives/edgar/data/1663043/0001144204-18-052076.txt
730263,THO,2018/,QTR4/,https://www.sec.gov/Archives/edgar/data/1437106/0001437106-18-000057.txt
731766,UNH,2018/,QTR4/,https://www.sec.gov/Archives/edgar/data/1661434/0001209191-18-053160.txt
731802,ATO,2018/,QTR4/,https://www.sec.gov/Archives/edgar/data/1617763/0001567619-18-003366.txt
732712,VZ,2018/,QTR4/,https://www.sec.gov/Archives/edgar/data/1615030/0001179110-18-011819.txt
732717,T,2018/,QTR4/,https://www.sec.gov/Archives/edgar/data/1646228/0001567619-18-003576.txt
732834,CLR,2018/,QTR4/,https://www.sec.gov/Archives/edgar/data/1532136/0001127602-18-028862.txt
737207,MRNA,2018/,QTR4/,https://www.sec.gov/Archives/edgar/data/1604464/0001209191-18-053131.txt
737758,TTC,2018/,QTR4/,https://www.sec.gov/Archives/edgar/data/1660939/0001225208-18-014185.txt
740260,VTR,2018/,QTR4/,https://www.sec.gov/Archives/edgar/data/1666138/0001666138-18-000113.txt
743316,MXIM,2018/,QTR4/,https://www.sec.gov/Archives/edgar/data/1297875/0001209191-18-053123.txt
743988,XLNX,2018/,QTR4/,https://www.sec.gov/Archives/edgar/data/1628738/0001209191-18-053463.txt
745732,ROST,2018/,QTR4/,https://www.sec.gov/Archives/edgar/data/1452301/0001723211-18-000062.txt
746515,EXPD,2018/,QTR4/,https://www.sec.gov/Archives/edgar/data/1734770/0001214659-18-006313.txt
749251,IT,2018/,QTR4/,https://www.sec.gov/Archives/edgar/data/1023364/0001415889-18-001460.txt
751364,NNN,2018/,QTR4/,https://www.sec.gov/Archives/edgar/data/1634997/0001634997-18-000015.txt
753308,NEE,2018/,QTR4/,https://www.sec.gov/Archives/edgar/data/1506928/0001593968-18-001274.txt
759944,CFG,2018/,QTR4/,https://www.sec.gov/Archives/edgar/data/1616862/0001209191-18-054109.txt
763901,BPOP,2018/,QTR4/,https://www.sec.gov/Archives/edgar/data/805928/0001179110-18-012049.txt
764180,MO,2018/,QTR4/,https://www.sec.gov/Archives/edgar/data/1636050/0001209191-18-054154.txt
764478,BBY,2018/,QTR4/,https://www.sec.gov/Archives/edgar/data/1612174/0001413507-18-000151.txt
764622,PNW,2018/,QTR4/,https://www.sec.gov/Archives/edgar/data/1684400/0000899243-18-025913.txt
766421,ALK,2018/,QTR4/,https://www.sec.gov/Archives/edgar/data/1702559/0000018230-18-000264.txt
769397,ADSK,2018/,QTR4/,https://www.sec.gov/Archives/edgar/data/1604191/0001415889-18-001442.txt
769520,MIDD,2018/,QTR4/,https://www.sec.gov/Archives/edgar/data/1464790/0001615774-18-010430.txt
773840,HON,2018/,QTR4/,https://www.sec.gov/Archives/edgar/data/1179707/0001183887-18-000158.txt
775158,OSK,2018/,QTR4/,https://www.sec.gov/Archives/edgar/data/1198932/0000056978-18-000099.txt
775368,Y,2018/,QTR4/,https://www.sec.gov/Archives/edgar/data/1279525/0000217346-18-000052.txt
776867,WTM,2018/,QTR4/,https://www.sec.gov/Archives/edgar/data/1208917/0001140361-18-040069.txt
779152,JKHY,2018/,QTR4/,https://www.sec.gov/Archives/edgar/data/1082769/0001209191-18-053642.txt
783280,DRE,2018/,QTR4/,https://www.sec.gov/Archives/edgar/data/1190089/0001127602-18-029290.txt
783325,WEC,2018/,QTR4/,https://www.sec.gov/Archives/edgar/data/1090135/0001209191-18-053253.txt
788784,PEG,2018/,QTR4/,https://www.sec.gov/Archives/edgar/data/1183311/0001127602-18-029678.txt
789019,MSFT,2018/,QTR4/,https://www.sec.gov/Archives/edgar/data/1190192/0001567619-18-003539.txt
789570,MGM,2018/,QTR4/,https://www.sec.gov/Archives/edgar/data/1190192/0001209191-18-054323.txt
790051,CSL,2018/,QTR4/,https://www.sec.gov/Archives/edgar/data/1024398/0001209191-18-053187.txt
790816,BDN,2018/,QTR4/,https://www.sec.gov/Archives/edgar/data/1169770/0001415889-18-001466.txt
791915,CY,2018/,QTR4/,https://www.sec.gov/Archives/edgar/data/946673/0000939057-18-000490.txt
793952,HOG,2018/,QTR4/,https://www.sec.gov/Archives/edgar/data/1529638/0001072627-18-000129.txt
794170,TOL,2018/,QTR4/,https://www.sec.gov/Archives/edgar/data/743367/0000743367-18-000142.txt
794367,M,2018/,QTR4/,https://www.sec.gov/Archives/edgar/data/1198001/0001209191-18-053083.txt
796343,ADBE,2018/,QTR4/,https://www.sec.gov/Archives/edgar/data/1698210/0001437749-18-017810.txt
797468,OXY,2018/,QTR4/,https://www.sec.gov/Archives/edgar/data/1120355/0000904454-18-000635.txt
797721,VSAT,2018/,QTR4/,https://www.sec.gov/Archives/edgar/data/1717679/0001209191-18-053804.txt
798354,FISV,2018/,QTR4/,https://www.sec.gov/Archives/edgar/data/1237441/0001237441-18-000005.txt
798941,FCNCA,2018/,QTR4/,https://www.sec.gov/Archives/edgar/data/9015/0001225208-18-013943.txt
801337,WBS,2018/,QTR4/,https://www.sec.gov/Archives/edgar/data/1740808/0001209191-18-054169.txt
802481,PPC,2018/,QTR4/,https://www.sec.gov/Archives/edgar/data/1189124/0001209191-18-053847.txt
803649,EQC,2018/,QTR4/,https://www.sec.gov/Archives/edgar/data/1185061/0001127602-18-028950.txt
804328,QCOM,2018/,QTR4/,https://www.sec.gov/Archives/edgar/data/1185061/0001209191-18-054303.txt
804753,CERN,2018/,QTR4/,https://www.sec.gov/Archives/edgar/data/1288093/0001214659-18-006289.txt
811156,CMS,2018/,QTR4/,https://www.sec.gov/Archives/edgar/data/1269358/0000944695-18-000109.txt
812011,MTN,2018/,QTR4/,https://www.sec.gov/Archives/edgar/data/1219855/0001209191-18-053850.txt
812074,OI,2018/,QTR4/,https://www.sec.gov/Archives/edgar/data/923415/0001104659-18-060005.txt
813672,CDNS,2018/,QTR4/,https://www.sec.gov/Archives/edgar/data/1005561/0001209191-18-054298.txt
814184,TCF,2018/,QTR4/,https://www.sec.gov/Archives/edgar/data/1216130/0001127602-18-028919.txt
814453,NWL,2018/,QTR4/,https://www.sec.gov/Archives/edgar/data/1691537/0001209191-18-053303.txt
814547,FICO,2018/,QTR4/,https://www.sec.gov/Archives/edgar/data/1184230/0001065280-18-000512.txt
815094,ABMD,2018/,QTR4/,https://www.sec.gov/Archives/edgar/data/10329/0001437749-18-017745.txt
815556,FAST,2018/,QTR4/,https://www.sec.gov/Archives/edgar/data/1085393/0001567619-18-003724.txt
816761,TDC,2018/,QTR4/,https://www.sec.gov/Archives/edgar/data/947324/0000060667-18-000174.txt
818479,XRAY,2018/,QTR4/,https://www.sec.gov/Archives/edgar/data/1230117/0001537028-18-000082.txt
820027,AMP,2018/,QTR4/,https://www.sec.gov/Archives/edgar/data/1011938/0001654954-18-010753.txt
820313,APH,2018/,QTR4/,https://www.sec.gov/Archives/edgar/data/1209120/0000891092-18-007360.txt
821130,USM,2018/,QTR4/,https://www.sec.gov/Archives/edgar/data/1061768/0001567619-18-003713.txt
821189,EOG,2018/,QTR4/,https://www.sec.gov/Archives/edgar/data/1034594/0001209191-18-052794.txt
822416,PHM,2018/,QTR4/,https://www.sec.gov/Archives/edgar/data/1249076/0001437749-18-017815.txt
822818,CLH,2018/,QTR4/,https://www.sec.gov/Archives/edgar/data/1233454/0001209191-18-053330.txt
823768,WM,2018/,QTR4/,https://www.sec.gov/Archives/edgar/data/1265194/0001209191-18-053542.txt
825542,SMG,2018/,QTR4/,https://www.sec.gov/Archives/edgar/data/1754948/0001127602-18-029358.txt
827052,EIX,2018/,QTR4/,https://www.sec.gov/Archives/edgar/data/1184925/0001179110-18-011893.txt
827054,MCHP,2018/,QTR4/,https://www.sec.gov/Archives/edgar/data/1233150/0001585689-18-000132.txt
828916,WRI,2018/,QTR4/,https://www.sec.gov/Archives/edgar/data/1239420/0000911916-18-000175.txt
829224,SBUX,2018/,QTR4/,https://www.sec.gov/Archives/edgar/data/1251529/0001127602-18-028902.txt
831001,C,2018/,QTR4/,https://www.sec.gov/Archives/edgar/data/1274466/0001225208-18-013887.txt
831259,FCX,2018/,QTR4/,https://www.sec.gov/Archives/edgar/data/941593/0001144204-18-052151.txt
832101,IEX,2018/,QTR4/,https://www.sec.gov/Archives/edgar/data/1232188/0001209191-18-054025.txt
833444,JCI,2018/,QTR4/,https://www.sec.gov/Archives/edgar/data/1197021/0001209191-18-052634.txt
842023,TECH,2018/,QTR4/,https://www.sec.gov/Archives/edgar/data/1188321/0001213900-18-013577.txt
842162,LEA,2018/,QTR4/,https://www.sec.gov/Archives/edgar/data/1162886/0001493152-18-014138.txt
849869,SLGN,2018/,QTR4/,https://www.sec.gov/Archives/edgar/data/1238881/0001725526-18-000168.txt
850209,FL,2018/,QTR4/,https://www.sec.gov/Archives/edgar/data/1196937/0001225208-18-014394.txt
851205,CGNX,2018/,QTR4/,https://www.sec.gov/Archives/edgar/data/1214344/0000919574-18-006468.txt
851968,MHK,2018/,QTR4/,https://www.sec.gov/Archives/edgar/data/1108134/0001567619-18-003685.txt
853816,LSTR,2018/,QTR4/,https://www.sec.gov/Archives/edgar/data/1166854/0001126328-18-000248.txt
857005,PTC,2018/,QTR4/,https://www.sec.gov/Archives/edgar/data/1232995/0001179110-18-012046.txt
858339,CZR,2018/,QTR4/,https://www.sec.gov/Archives/edgar/data/1206964/0001628280-18-012271.txt
858470,COG,2018/,QTR4/,https://www.sec.gov/Archives/edgar/data/1243739/0001209191-18-053029.txt
858877,CSCO,2018/,QTR4/,https://www.sec.gov/Archives/edgar/data/764478/0001225208-18-013904.txt
859737,HOLX,2018/,QTR4/,https://www.sec.gov/Archives/edgar/data/1282798/0001209191-18-053558.txt
860546,OFC,2018/,QTR4/,https://www.sec.gov/Archives/edgar/data/1216917/0000904454-18-000648.txt
860730,HCA,2018/,QTR4/,https://www.sec.gov/Archives/edgar/data/1250812/0001209191-18-052852.txt
860731,TYL,2018/,QTR4/,https://www.sec.gov/Archives/edgar/data/1268386/0001225208-18-014328.txt
861878,SRCL,2018/,QTR4/,https://www.sec.gov/Archives/edgar/data/1044378/0001209191-18-053002.txt
861884,RS,2018/,QTR4/,https://www.sec.gov/Archives/edgar/data/882796/0001127602-18-029520.txt
864749,TRMB,2018/,QTR4/,https://www.sec.gov/Archives/edgar/data/1103021/0000899243-18-026093.txt
865752,MNST,2018/,QTR4/,https://www.sec.gov/Archives/edgar/data/880242/0001437749-18-017795.txt
866787,AZO,2018/,QTR4/,https://www.sec.gov/Archives/edgar/data/834365/0001437749-18-017771.txt
868857,ACM,2018/,QTR4/,https://www.sec.gov/Archives/edgar/data/1574774/0001574774-18-000055.txt
871763,MAN,2018/,QTR4/,https://www.sec.gov/Archives/edgar/data/1734804/0001209191-18-053514.txt
872589,REGN,2018/,QTR4/,https://www.sec.gov/Archives/edgar/data/1531152/0001209191-18-052922.txt
873303,SRPT,2018/,QTR4/,https://www.sec.gov/Archives/edgar/data/1130464/0001593968-18-001318.txt
874015,IONS,2018/,QTR4/,https://www.sec.gov/Archives/edgar/data/1197618/0001209191-18-053839.txt
874716,IDXX,2018/,QTR4/,https://www.sec.gov/Archives/edgar/data/1038186/0001209191-18-053275.txt
874761,AES,2018/,QTR4/,https://www.sec.gov/Archives/edgar/data/882150/0001209191-18-053277.txt
874766,HIG,2018/,QTR4/,https://www.sec.gov/Archives/edgar/data/1167470/0001209191-18-053262.txt
875045,BIIB,2018/,QTR4/,https://www.sec.gov/Archives/edgar/data/1181024/0001209191-18-053268.txt
875320,VRTX,2018/,QTR4/,https://www.sec.gov/Archives/edgar/data/1137390/0001209191-18-053266.txt
875357,BOKF,2018/,QTR4/,https://www.sec.gov/Archives/edgar/data/1176197/0001209191-18-053273.txt
876437,MTG,2018/,QTR4/,https://www.sec.gov/Archives/edgar/data/1061630/0001209191-18-052915.txt
877212,ZBRA,2018/,QTR4/,https://www.sec.gov/Archives/edgar/data/1450607/0001450607-18-000014.txt
877890,CTXS,2018/,QTR4/,https://www.sec.gov/Archives/edgar/data/1237789/0001127602-18-028742.txt
878927,ODFL,2018/,QTR4/,https://www.sec.gov/Archives/edgar/data/905536/0001562180-18-004059.txt
879101,KIM,2018/,QTR4/,https://www.sec.gov/Archives/edgar/data/1203697/0001225208-18-013896.txt
879169,INCY,2018/,QTR4/,https://www.sec.gov/Archives/edgar/data/1205003/0001127602-18-029256.txt
880266,AGCO,2018/,QTR4/,https://www.sec.gov/Archives/edgar/data/1068875/0001554631-18-000004.txt
882095,GILD,2018/,QTR4/,https://www.sec.gov/Archives/edgar/data/1614634/0000899243-18-025771.txt
882184,DHI,2018/,QTR4/,https://www.sec.gov/Archives/edgar/data/1106802/0001391609-18-000263.txt
882835,ROP,2018/,QTR4/,https://www.sec.gov/Archives/edgar/data/1258914/0000016099-18-000114.txt
883241,SNPS,2018/,QTR4/,https://www.sec.gov/Archives/edgar/data/1194751/0001228379-18-000079.txt
883984,ICUI,2018/,QTR4/,https://www.sec.gov/Archives/edgar/data/1186582/0000711377-18-000043.txt
884614,UGI,2018/,QTR4/,https://www.sec.gov/Archives/edgar/data/1186940/0001209191-18-052965.txt
884887,RCL,2018/,QTR4/,https://www.sec.gov/Archives/edgar/data/12927/0001225208-18-014362.txt
885550,CACC,2018/,QTR4/,https://www.sec.gov/Archives/edgar/data/1675457/0000028917-18-000419.txt
885639,KSS,2018/,QTR4/,https://www.sec.gov/Archives/edgar/data/1244614/0001209191-18-052762.txt
885725,BSX,2018/,QTR4/,https://www.sec.gov/Archives/edgar/data/1274698/0000023197-18-000081.txt
886982,GS,2018/,QTR4/,https://www.sec.gov/Archives/edgar/data/1673144/0001364954-18-000192.txt
888491,OHI,2018/,QTR4/,https://www.sec.gov/Archives/edgar/data/1037540/0001246991-18-000126.txt
889331,LFUS,2018/,QTR4/,https://www.sec.gov/Archives/edgar/data/885725/0001225208-18-014088.txt
889900,PTEN,2018/,QTR4/,https://www.sec.gov/Archives/edgar/data/1222287/0001209191-18-053921.txt
890319,TCO,2018/,QTR4/,https://www.sec.gov/Archives/edgar/data/1073349/0001073349-18-000072.txt
891103,IAC,2018/,QTR4/,https://www.sec.gov/Archives/edgar/data/1269126/0001395942-18-000125.txt
893949,MD,2018/,QTR4/,https://www.sec.gov/Archives/edgar/data/1595703/0001225208-18-013937.txt
895126,CHK,2018/,QTR4/,https://www.sec.gov/Archives/edgar/data/1198471/0001406666-18-000087.txt
895417,ELS,2018/,QTR4/,https://www.sec.gov/Archives/edgar/data/1273985/0001209191-18-053501.txt
895419,CREE,2018/,QTR4/,https://www.sec.gov/Archives/edgar/data/1608560/0000857855-18-000051.txt
895421,MS,2018/,QTR4/,https://www.sec.gov/Archives/edgar/data/1278388/0000919574-18-006470.txt
896159,CB,2018/,QTR4/,https://www.sec.gov/Archives/edgar/data/746598/0000746598-18-000154.txt
896622,ATR,2018/,QTR4/,https://www.sec.gov/Archives/edgar/data/1253543/0001209191-18-053310.txt
896878,INTU,2018/,QTR4/,https://www.sec.gov/Archives/edgar/data/1098027/0001496877-18-000099.txt
898173,ORLY,2018/,QTR4/,https://www.sec.gov/Archives/edgar/data/1065739/0000936340-18-000227.txt
898174,RGA,2018/,QTR4/,https://www.sec.gov/Archives/edgar/data/1624324/0001209191-18-052914.txt
898293,JBL,2018/,QTR4/,https://www.sec.gov/Archives/edgar/data/1200604/0001127602-18-029424.txt
899051,ALL,2018/,QTR4/,https://www.sec.gov/Archives/edgar/data/1383312/0001225208-18-013957.txt
899689,VNO,2018/,QTR4/,https://www.sec.gov/Archives/edgar/data/1181202/0001580988-18-000084.txt
899866,ALXN,2018/,QTR4/,https://www.sec.gov/Archives/edgar/data/1226263/0000046080-18-000127.txt
900075,CPRT,2018/,QTR4/,https://www.sec.gov/Archives/edgar/data/1200675/0001179110-18-011855.txt
904163,ANAT,2018/,QTR4/,https://www.sec.gov/Archives/edgar/data/1001085/0001140361-18-039882.txt
906107,EQR,2018/,QTR4/,https://www.sec.gov/Archives/edgar/data/1049782/0001179110-18-011737.txt
906163,NVR,2018/,QTR4/,https://www.sec.gov/Archives/edgar/data/1234638/0001437749-18-017904.txt
906345,CPT,2018/,QTR4/,https://www.sec.gov/Archives/edgar/data/1227882/0001567619-18-003323.txt
906709,NKTR,2018/,QTR4/,https://www.sec.gov/Archives/edgar/data/1540436/0001530950-18-000198.txt
908255,BWA,2018/,QTR4/,https://www.sec.gov/Archives/edgar/data/1245377/0000923876-18-000001.txt
908937,SIRI,2018/,QTR4/,https://www.sec.gov/Archives/edgar/data/1205159/0001209191-18-053149.txt
909832,COST,2018/,QTR4/,https://www.sec.gov/Archives/edgar/data/1120652/0001627223-18-000042.txt
910073,NYCB,2018/,QTR4/,https://www.sec.gov/Archives/edgar/data/1220019/0000892553-18-000109.txt
910406,HAIN,2018/,QTR4/,https://www.sec.gov/Archives/edgar/data/14930/0000014930-18-000138.txt
910606,REG,2018/,QTR4/,https://www.sec.gov/Archives/edgar/data/1406652/0001209191-18-052904.txt
912242,MAC,2018/,QTR4/,https://www.sec.gov/Archives/edgar/data/802681/0000802681-18-000005.txt
912593,SUI,2018/,QTR4/,https://www.sec.gov/Archives/edgar/data/1522420/0001567619-18-003464.txt
912595,MAA,2018/,QTR4/,https://www.sec.gov/Archives/edgar/data/1054721/0001209191-18-052850.txt
912615,URBN,2018/,QTR4/,https://www.sec.gov/Archives/edgar/data/1270178/0001209191-18-054437.txt
912752,SBGI,2018/,QTR4/,https://www.sec.gov/Archives/edgar/data/1253873/0001253873-18-000002.txt
913144,RNR,2018/,QTR4/,https://www.sec.gov/Archives/edgar/data/1215821/0001209191-18-053837.txt
914208,IVZ,2018/,QTR4/,https://www.sec.gov/Archives/edgar/data/1715834/0000895126-18-000228.txt
914475,NBIX,2018/,QTR4/,https://www.sec.gov/Archives/edgar/data/1064402/0001171843-18-006846.txt
915389,EMN,2018/,QTR4/,https://www.sec.gov/Archives/edgar/data/1203694/0001225208-18-014070.txt
915912,AVB,2018/,QTR4/,https://www.sec.gov/Archives/edgar/data/1204586/0001225208-18-014170.txt
915913,ALB,2018/,QTR4/,https://www.sec.gov/Archives/edgar/data/1535505/0001463252-18-000054.txt
916076,MLM,2018/,QTR4/,https://www.sec.gov/Archives/edgar/data/1677418/0001567619-18-003372.txt
916365,TSCO,2018/,QTR4/,https://www.sec.gov/Archives/edgar/data/1041956/0001127602-18-028669.txt
917520,IART,2018/,QTR4/,https://www.sec.gov/Archives/edgar/data/1216503/0001225208-18-014182.txt
918646,EXP,2018/,QTR4/,https://www.sec.gov/Archives/edgar/data/1223783/0001562180-18-004085.txt
920148,LH,2018/,QTR4/,https://www.sec.gov/Archives/edgar/data/1702750/0001209191-18-054271.txt
920522,ESS,2018/,QTR4/,https://www.sec.gov/Archives/edgar/data/1206129/0000073124-18-000280.txt
920760,LEN,2018/,QTR4/,https://www.sec.gov/Archives/edgar/data/1253889/0001127602-18-029028.txt
921082,HIW,2018/,QTR4/,https://www.sec.gov/Archives/edgar/data/1144122/0001683168-18-002910.txt
922224,PPL,2018/,QTR4/,https://www.sec.gov/Archives/edgar/data/1181790/0000104894-18-000059.txt
922621,ERIE,2018/,QTR4/,https://www.sec.gov/Archives/edgar/data/1710439/0001144204-18-052741.txt
922864,AIV,2018/,QTR4/,https://www.sec.gov/Archives/edgar/data/1331940/0001246360-18-002332.txt
927066,DVA,2018/,QTR4/,https://www.sec.gov/Archives/edgar/data/1514963/0001127602-18-029154.txt
927628,COF,2018/,QTR4/,https://www.sec.gov/Archives/edgar/data/1687883/0001437749-18-017977.txt
927653,MCK,2018/,QTR4/,https://www.sec.gov/Archives/edgar/data/1575505/0000899243-18-025782.txt
929008,WCC,2018/,QTR4/,https://www.sec.gov/Archives/edgar/data/1684319/0001567619-18-003588.txt
929940,AZPN,2018/,QTR4/,https://www.sec.gov/Archives/edgar/data/1676601/0001676601-18-000052.txt
931015,PII,2018/,QTR4/,https://www.sec.gov/Archives/edgar/data/1619685/0001619685-18-000004.txt
935494,NATI,2018/,QTR4/,https://www.sec.gov/Archives/edgar/data/1331674/0001304186-18-000015.txt
935703,DLTR,2018/,QTR4/,https://www.sec.gov/Archives/edgar/data/1744473/0000950142-18-001937.txt
936340,DTE,2018/,QTR4/,https://www.sec.gov/Archives/edgar/data/1554999/0001073429-18-000184.txt
936395,CIEN,2018/,QTR4/,https://www.sec.gov/Archives/edgar/data/1751633/0001127602-18-028659.txt
936468,LMT,2018/,QTR4/,https://www.sec.gov/Archives/edgar/data/1390946/0001127602-18-029103.txt
937556,MASI,2018/,QTR4/,https://www.sec.gov/Archives/edgar/data/1472457/0001510192-18-000113.txt
939767,EXEL,2018/,QTR4/,https://www.sec.gov/Archives/edgar/data/1532367/0001209191-18-053818.txt
940944,DRI,2018/,QTR4/,https://www.sec.gov/Archives/edgar/data/1571970/0000812011-18-000113.txt
943452,WAB,2018/,QTR4/,https://www.sec.gov/Archives/edgar/data/1479944/0000842517-18-000151.txt
943819,RMD,2018/,QTR4/,https://www.sec.gov/Archives/edgar/data/1429398/0001429398-18-000053.txt
944314,LSI,2018/,QTR4/,https://www.sec.gov/Archives/edgar/data/1732803/0000713671-18-000078.txt
944695,THG,2018/,QTR4/,https://www.sec.gov/Archives/edgar/data/1692568/0001179110-18-012030.txt
945841,POOL,2018/,QTR4/,https://www.sec.gov/Archives/edgar/data/1552681/0000899243-18-025683.txt
946581,TTWO,2018/,QTR4/,https://www.sec.gov/Archives/edgar/data/1708953/0001567619-18-003486.txt
947484,ACGL,2018/,QTR4/,https://www.sec.gov/Archives/edgar/data/1754514/0001127602-18-029092.txt
1000228,HSIC,2018/,QTR4/,https://www.sec.gov/Archives/edgar/data/1379357/0001179110-18-011943.txt
1000697,WAT,2018/,QTR4/,https://www.sec.gov/Archives/edgar/data/1298926/0001104659-18-060391.txt
1001039,DIS,2018/,QTR4/,https://www.sec.gov/Archives/edgar/data/1291191/0001171843-18-006845.txt
1001082,DISH,2018/,QTR4/,https://www.sec.gov/Archives/edgar/data/885590/0001127602-18-029059.txt
1001250,EL,2018/,QTR4/,https://www.sec.gov/Archives/edgar/data/1714460/0000790051-18-000144.txt
1001838,SCCO,2018/,QTR4/,https://www.sec.gov/Archives/edgar/data/1606769/0001127602-18-029375.txt
1002047,NTAP,2018/,QTR4/,https://www.sec.gov/Archives/edgar/data/1671730/0001231205-18-000142.txt
1002517,NUAN,2018/,QTR4/,https://www.sec.gov/Archives/edgar/data/1552134/0000712534-18-000236.txt
1002910,AEE,2018/,QTR4/,https://www.sec.gov/Archives/edgar/data/1315758/0001529628-18-000115.txt
1003078,MSM,2018/,QTR4/,https://www.sec.gov/Archives/edgar/data/1615216/0001615216-18-000088.txt
1004434,AMG,2018/,QTR4/,https://www.sec.gov/Archives/edgar/data/1634780/0001363829-18-000122.txt
1004980,PCG,2018/,QTR4/,https://www.sec.gov/Archives/edgar/data/1490436/0001567619-18-003331.txt
1005284,OLED,2018/,QTR4/,https://www.sec.gov/Archives/edgar/data/1334032/0001140361-18-040041.txt
1012100,SEE,2018/,QTR4/,https://www.sec.gov/Archives/edgar/data/1371919/0001628280-18-012192.txt
1013237,FDS,2018/,QTR4/,https://www.sec.gov/Archives/edgar/data/1320563/0001104659-18-060109.txt
1013462,ANSS,2018/,QTR4/,https://www.sec.gov/Archives/edgar/data/1569585/0001213900-18-013294.txt
1013857,PEGA,2018/,QTR4/,https://www.sec.gov/Archives/edgar/data/1692411/0001209191-18-054129.txt
1013871,NRG,2018/,QTR4/,https://www.sec.gov/Archives/edgar/data/1594511/0001596771-18-000092.txt
1014473,VRSN,2018/,QTR4/,https://www.sec.gov/Archives/edgar/data/1544254/0001421517-18-000141.txt
1015328,WTFC,2018/,QTR4/,https://www.sec.gov/Archives/edgar/data/1351576/0001209191-18-053006.txt
1015780,ETFC,2018/,QTR4/,https://www.sec.gov/Archives/edgar/data/1324454/0001562180-18-004138.txt
1015820,QGEN,2018/,QTR4/,https://www.sec.gov/Archives/edgar/data/1646615/0001209191-18-053085.txt
1018724,AMZN,2018/,QTR4/,https://www.sec.gov/Archives/edgar/data/1321224/0001209191-18-052897.txt
1019849,PAG,2018/,QTR4/,https://www.sec.gov/Archives/edgar/data/1532233/0001387131-18-005141.txt
1020569,IRM,2018/,QTR4/,https://www.sec.gov/Archives/edgar/data/1627511/0001654954-18-010741.txt
1021561,NUS,2018/,QTR4/,https://www.sec.gov/Archives/edgar/data/1477291/0001113256-18-000095.txt
1021635,OGE,2018/,QTR4/,https://www.sec.gov/Archives/edgar/data/1709369/0001209191-18-053407.txt
1021860,NOV,2018/,QTR4/,https://www.sec.gov/Archives/edgar/data/1688307/0000921895-18-002685.txt
1022079,DGX,2018/,QTR4/,https://www.sec.gov/Archives/edgar/data/1662848/0001127602-18-029124.txt
1022671,STLD,2018/,QTR4/,https://www.sec.gov/Archives/edgar/data/1448166/0001519695-18-000084.txt
1024305,COTY,2018/,QTR4/,https://www.sec.gov/Archives/edgar/data/1722650/0001209191-18-054029.txt
1024478,ROK,2018/,QTR4/,https://www.sec.gov/Archives/edgar/data/1612312/0001567619-18-003758.txt
1025378,WPC,2018/,QTR4/,https://www.sec.gov/Archives/edgar/data/1714654/0001209191-18-054043.txt
1025996,KRC,2018/,QTR4/,https://www.sec.gov/Archives/edgar/data/1716335/0001209191-18-053237.txt
1029199,EEFT,2018/,QTR4/,https://www.sec.gov/Archives/edgar/data/1626272/0001562180-18-004130.txt
1031296,FE,2018/,QTR4/,https://www.sec.gov/Archives/edgar/data/1479663/0001127602-18-029360.txt
1032033,SLM,2018/,QTR4/,https://www.sec.gov/Archives/edgar/data/1526170/0001275477-18-000133.txt
1032208,SRE,2018/,QTR4/,https://www.sec.gov/Archives/edgar/data/1663783/0001660690-18-000142.txt
1034054,SBAC,2018/,QTR4/,https://www.sec.gov/Archives/edgar/data/1369204/0001225208-18-014455.txt
1035002,VLO,2018/,QTR4/,https://www.sec.gov/Archives/edgar/data/1452681/0000827054-18-000219.txt
1035267,ISRG,2018/,QTR4/,https://www.sec.gov/Archives/edgar/data/1364742/0001127602-18-029049.txt
1035443,ARE,2018/,QTR4/,https://www.sec.gov/Archives/edgar/data/1303914/0000900440-18-000082.txt
1037038,RL,2018/,QTR4/,https://www.sec.gov/Archives/edgar/data/1429764/0001493152-18-014039.txt
1037540,BXP,2018/,QTR4/,https://www.sec.gov/Archives/edgar/data/1546417/0001546417-18-000130.txt
1037646,MTD,2018/,QTR4/,https://www.sec.gov/Archives/edgar/data/1699677/0001209191-18-053844.txt
1037868,AME,2018/,QTR4/,https://www.sec.gov/Archives/edgar/data/1731746/0001179110-18-011765.txt
1037976,JLL,2018/,QTR4/,https://www.sec.gov/Archives/edgar/data/1301787/0001301787-18-000133.txt
1038357,PXD,2018/,QTR4/,https://www.sec.gov/Archives/edgar/data/1288859/0001061983-18-000049.txt
1039684,OKE,2018/,QTR4/,https://www.sec.gov/Archives/edgar/data/1580358/0001246360-18-002314.txt
1040971,SLG,2018/,QTR4/,https://www.sec.gov/Archives/edgar/data/1731934/0001562180-18-004058.txt
1041061,YUM,2018/,QTR4/,https://www.sec.gov/Archives/edgar/data/1670936/0000310764-18-000199.txt
1042046,AFG,2018/,QTR4/,https://www.sec.gov/Archives/edgar/data/1561329/0000039311-18-000050.txt
1043219,NLY,2018/,QTR4/,https://www.sec.gov/Archives/edgar/data/1605034/0001209191-18-054218.txt
1043277,CHRW,2018/,QTR4/,https://www.sec.gov/Archives/edgar/data/1719191/0000098246-18-000295.txt
1043604,JNPR,2018/,QTR4/,https://www.sec.gov/Archives/edgar/data/1755198/0001209191-18-054196.txt
1045309,GRA,2018/,QTR4/,https://www.sec.gov/Archives/edgar/data/1630132/0001192482-18-000451.txt
1045450,EPR,2018/,QTR4/,https://www.sec.gov/Archives/edgar/data/1621579/0001501570-18-000210.txt
1045609,PLD,2018/,QTR4/,https://www.sec.gov/Archives/edgar/data/1661832/0001127602-18-028635.txt
1045810,NVDA,2018/,QTR4/,https://www.sec.gov/Archives/edgar/data/1739766/0001062993-18-003932.txt
1046257,INGR,2018/,QTR4/,https://www.sec.gov/Archives/edgar/data/1675868/0001209191-18-053234.txt
1046311,CHH,2018/,QTR4/,https://www.sec.gov/Archives/edgar/data/1592469/0001179110-18-011999.txt
1047122,RTN,2018/,QTR4/,https://www.sec.gov/Archives/edgar/data/1644143/0001632790-18-000082.txt
1047862,ED,2018/,QTR4/,https://www.sec.gov/Archives/edgar/data/1702858/0000914190-18-000420.txt
1048286,MAR,2018/,QTR4/,https://www.sec.gov/Archives/edgar/data/1559364/0001209191-18-053269.txt
1048477,BMRN,2018/,QTR4/,https://www.sec.gov/Archives/edgar/data/1638989/0001209191-18-052751.txt
1048695,FFIV,2018/,QTR4/,https://www.sec.gov/Archives/edgar/data/1754874/0001209191-18-052953.txt
1048911,FDX,2018/,QTR4/,https://www.sec.gov/Archives/edgar/data/1335907/0001127602-18-029183.txt
1049502,MKSI,2018/,QTR4/,https://www.sec.gov/Archives/edgar/data/1515897/0000763563-18-000092.txt
1050797,COLM,2018/,QTR4/,https://www.sec.gov/Archives/edgar/data/1674707/0001437749-18-017947.txt
1050915,PWR,2018/,QTR4/,https://www.sec.gov/Archives/edgar/data/1521520/0001179110-18-011766.txt
1051470,CCI,2018/,QTR4/,https://www.sec.gov/Archives/edgar/data/1671909/0001127602-18-028839.txt
1051512,TDS,2018/,QTR4/,https://www.sec.gov/Archives/edgar/data/1749573/0000016732-18-000063.txt
1053507,AMT,2018/,QTR4/,https://www.sec.gov/Archives/edgar/data/1336508/0001209191-18-053380.txt
1055160,MFA,2018/,QTR4/,https://www.sec.gov/Archives/edgar/data/1297322/0001597033-18-000136.txt
1056696,MANH,2018/,QTR4/,https://www.sec.gov/Archives/edgar/data/1461620/0001127602-18-028985.txt
1057352,CSGP,2018/,QTR4/,https://www.sec.gov/Archives/edgar/data/1755082/0000899243-18-026203.txt
1057877,IDA,2018/,QTR4/,https://www.sec.gov/Archives/edgar/data/1290267/0000749660-18-000043.txt
1058057,MRVL,2018/,QTR4/,https://www.sec.gov/Archives/edgar/data/1294724/0001225208-18-014079.txt
1058090,CMG,2018/,QTR4/,https://www.sec.gov/Archives/edgar/data/1635111/0001144204-18-052407.txt
1058290,CTSH,2018/,QTR4/,https://www.sec.gov/Archives/edgar/data/1750883/0001104659-18-060547.txt
1059556,MCO,2018/,QTR4/,https://www.sec.gov/Archives/edgar/data/1730168/0001730168-18-000043.txt
1060391,RSG,2018/,QTR4/,https://www.sec.gov/Archives/edgar/data/1424182/0001209191-18-052775.txt
1060736,SGEN,2018/,QTR4/,https://www.sec.gov/Archives/edgar/data/1712127/0000902664-18-003588.txt
1060822,CRI,2018/,QTR4/,https://www.sec.gov/Archives/edgar/data/1712127/0000902664-18-003597.txt
1062579,DOX,2018/,QTR4/,https://www.sec.gov/Archives/edgar/data/1718218/0001718218-18-000021.txt
1063761,SPG,2018/,QTR4/,https://www.sec.gov/Archives/edgar/data/1332349/0001332349-18-000136.txt
1065088,EBAY,2018/,QTR4/,https://www.sec.gov/Archives/edgar/data/1575311/0001567619-18-003643.txt
1065280,NFLX,2018/,QTR4/,https://www.sec.gov/Archives/edgar/data/1754153/0000899243-18-025570.txt
1065696,LKQ,2018/,QTR4/,https://www.sec.gov/Archives/edgar/data/1746063/0001225208-18-014122.txt
1065837,SKX,2018/,QTR4/,https://www.sec.gov/Archives/edgar/data/1658397/0000108385-18-000089.txt
1067701,URI,2018/,QTR4/,https://www.sec.gov/Archives/edgar/data/1600605/0001225208-18-014151.txt
1068851,PB,2018/,QTR4/,https://www.sec.gov/Archives/edgar/data/1710298/0001710298-18-000004.txt
1069157,EWBC,2018/,QTR4/,https://www.sec.gov/Archives/edgar/data/1707067/0001567619-18-003771.txt
1069202,LII,2018/,QTR4/,https://www.sec.gov/Archives/edgar/data/1599335/0001225208-18-013865.txt
1070154,STL,2018/,QTR4/,https://www.sec.gov/Archives/edgar/data/1742356/0001144204-18-052058.txt
1070750,HST,2018/,QTR4/,https://www.sec.gov/Archives/edgar/data/1526237/0001593968-18-001277.txt
1071739,CNC,2018/,QTR4/,https://www.sec.gov/Archives/edgar/data/1525336/0001127602-18-029405.txt
1077428,TCBI,2018/,QTR4/,https://www.sec.gov/Archives/edgar/data/1523014/0001567619-18-003600.txt
1077771,UMPQ,2018/,QTR4/,https://www.sec.gov/Archives/edgar/data/1585235/0001567619-18-003596.txt
1082554,UTHR,2018/,QTR4/,https://www.sec.gov/Archives/edgar/data/1741660/0001209191-18-053388.txt
1086222,AKAM,2018/,QTR4/,https://www.sec.gov/Archives/edgar/data/1713603/0001082923-18-000115.txt
1089063,DKS,2018/,QTR4/,https://www.sec.gov/Archives/edgar/data/1344601/0001164727-18-000153.txt
1090012,DVN,2018/,QTR4/,https://www.sec.gov/Archives/edgar/data/1719887/0001441816-18-000105.txt
1090425,LAMR,2018/,QTR4/,https://www.sec.gov/Archives/edgar/data/1324293/0001209191-18-054268.txt
1090727,UPS,2018/,QTR4/,https://www.sec.gov/Archives/edgar/data/1579298/0001209191-18-053916.txt
1090872,A,2018/,QTR4/,https://www.sec.gov/Archives/edgar/data/1459576/0001493152-18-014008.txt
1091667,CHTR,2018/,QTR4/,https://www.sec.gov/Archives/edgar/data/1713872/0001593968-18-001290.txt
1091907,WWE,2018/,QTR4/,https://www.sec.gov/Archives/edgar/data/1579208/0001445866-18-001028.txt
1093557,DXCM,2018/,QTR4/,https://www.sec.gov/Archives/edgar/data/1645283/0001140361-18-040014.txt
1094285,TDY,2018/,QTR4/,https://www.sec.gov/Archives/edgar/data/1582403/0001209191-18-052737.txt
1094831,BGCP,2018/,QTR4/,https://www.sec.gov/Archives/edgar/data/1677715/0000899243-18-025772.txt
1095073,RE,2018/,QTR4/,https://www.sec.gov/Archives/edgar/data/1316476/0001659166-18-000248.txt
1096343,MKL,2018/,QTR4/,https://www.sec.gov/Archives/edgar/data/813672/0001209191-18-054157.txt
1097149,ALGN,2018/,QTR4/,https://www.sec.gov/Archives/edgar/data/1215188/0001209191-18-053701.txt
1097864,ON,2018/,QTR4/,https://www.sec.gov/Archives/edgar/data/1416390/0001225208-18-013905.txt
1099219,MET,2018/,QTR4/,https://www.sec.gov/Archives/edgar/data/1254015/0001614178-18-000405.txt
1099800,EW,2018/,QTR4/,https://www.sec.gov/Archives/edgar/data/1183228/0000877890-18-000127.txt
1100682,CRL,2018/,QTR4/,https://www.sec.gov/Archives/edgar/data/1297075/0001127602-18-028739.txt
1101215,ADS,2018/,QTR4/,https://www.sec.gov/Archives/edgar/data/1244543/0001214659-18-006342.txt
1101239,EQIX,2018/,QTR4/,https://www.sec.gov/Archives/edgar/data/1058854/0001058854-18-000046.txt
1101302,ENTG,2018/,QTR4/,https://www.sec.gov/Archives/edgar/data/19446/0000019446-18-000050.txt
1102112,PACW,2018/,QTR4/,https://www.sec.gov/Archives/edgar/data/1187441/0001015780-18-000098.txt
1103982,MDLZ,2018/,QTR4/,https://www.sec.gov/Archives/edgar/data/1218615/0001057352-18-000110.txt
1108524,CRM,2018/,QTR4/,https://www.sec.gov/Archives/edgar/data/721371/0000721371-18-000089.txt
1109354,BRKR,2018/,QTR4/,https://www.sec.gov/Archives/edgar/data/1046568/0001209191-18-052718.txt
1109357,EXC,2018/,QTR4/,https://www.sec.gov/Archives/edgar/data/1250422/0001283699-18-000052.txt
1110803,ILMN,2018/,QTR4/,https://www.sec.gov/Archives/edgar/data/1212515/0001127602-18-028798.txt
1111711,NI,2018/,QTR4/,https://www.sec.gov/Archives/edgar/data/1170010/0001170010-18-000173.txt
1111928,IPGP,2018/,QTR4/,https://www.sec.gov/Archives/edgar/data/1166115/0001567619-18-003468.txt
1113169,TROW,2018/,QTR4/,https://www.sec.gov/Archives/edgar/data/815097/0001127602-18-029262.txt
1115055,PNFP,2018/,QTR4/,https://www.sec.gov/Archives/edgar/data/1125259/0001127602-18-029264.txt
1116132,TPR,2018/,QTR4/,https://www.sec.gov/Archives/edgar/data/17843/0000017843-18-000051.txt
1120193,NDAQ,2018/,QTR4/,https://www.sec.gov/Archives/edgar/data/1016281/0001016281-18-000104.txt
1121788,GRMN,2018/,QTR4/,https://www.sec.gov/Archives/edgar/data/1208226/0001127602-18-028700.txt
1123360,GPN,2018/,QTR4/,https://www.sec.gov/Archives/edgar/data/1225062/0001127602-18-029403.txt
1124140,EXAS,2018/,QTR4/,https://www.sec.gov/Archives/edgar/data/1690820/0001209191-18-054326.txt
1124198,FLR,2018/,QTR4/,https://www.sec.gov/Archives/edgar/data/895051/0001144204-18-052157.txt
1124610,VMW,2018/,QTR4/,https://www.sec.gov/Archives/edgar/data/1216055/0001127602-18-029359.txt
1126328,PFG,2018/,QTR4/,https://www.sec.gov/Archives/edgar/data/1285648/0001209191-18-052657.txt
1128928,FLO,2018/,QTR4/,https://www.sec.gov/Archives/edgar/data/1180399/0001404930-18-000056.txt
1130310,CNP,2018/,QTR4/,https://www.sec.gov/Archives/edgar/data/725363/0001236031-18-000038.txt
1133421,NOC,2018/,QTR4/,https://www.sec.gov/Archives/edgar/data/1071739/0001071739-18-000105.txt
1136869,ZBH,2018/,QTR4/,https://www.sec.gov/Archives/edgar/data/1130310/0001209191-18-053900.txt
1136893,FIS,2018/,QTR4/,https://www.sec.gov/Archives/edgar/data/926738/0001370728-18-000002.txt
1137774,PRU,2018/,QTR4/,https://www.sec.gov/Archives/edgar/data/949157/0001144204-18-051942.txt
1140536,WLTW,2018/,QTR4/,https://www.sec.gov/Archives/edgar/data/18926/0001209191-18-054273.txt
1140859,ABC,2018/,QTR4/,https://www.sec.gov/Archives/edgar/data/1020214/0001209191-18-052639.txt
1141391,MA,2018/,QTR4/,https://www.sec.gov/Archives/edgar/data/1166287/0001209191-18-053762.txt
1142417,NXST,2018/,QTR4/,https://www.sec.gov/Archives/edgar/data/1750219/0001750219-18-000008.txt
1144215,AYI,2018/,QTR4/,https://www.sec.gov/Archives/edgar/data/1238885/0001225208-18-013877.txt
1144519,BG,2018/,QTR4/,https://www.sec.gov/Archives/edgar/data/1144844/0000907254-18-000082.txt
1145197,PODD,2018/,QTR4/,https://www.sec.gov/Archives/edgar/data/1035337/0000890319-18-000144.txt
1156039,ANTM,2018/,QTR4/,https://www.sec.gov/Archives/edgar/data/1193743/0001140361-18-040000.txt
1156375,CME,2018/,QTR4/,https://www.sec.gov/Archives/edgar/data/1180524/0001562180-18-004064.txt
1158449,AAP,2018/,QTR4/,https://www.sec.gov/Archives/edgar/data/3570/0000003570-18-000140.txt
1158463,JBLU,2018/,QTR4/,https://www.sec.gov/Archives/edgar/data/844161/0001209191-18-054242.txt
1163165,COP,2018/,QTR4/,https://www.sec.gov/Archives/edgar/data/1232929/0001567619-18-003342.txt
1163302,X,2018/,QTR4/,https://www.sec.gov/Archives/edgar/data/897429/0000897429-18-000093.txt
1164727,NEM,2018/,QTR4/,https://www.sec.gov/Archives/edgar/data/1191574/0000897101-18-000944.txt
1166003,XPO,2018/,QTR4/,https://www.sec.gov/Archives/edgar/data/1046311/0001209191-18-053050.txt
1166691,CMCSA,2018/,QTR4/,https://www.sec.gov/Archives/edgar/data/1393486/0001127602-18-028674.txt
1168054,XEC,2018/,QTR4/,https://www.sec.gov/Archives/edgar/data/1249026/0001209191-18-052708.txt
1170010,KMX,2018/,QTR4/,https://www.sec.gov/Archives/edgar/data/936395/0001032553-18-000037.txt
1171825,CIT,2018/,QTR4/,https://www.sec.gov/Archives/edgar/data/1262976/0001262976-18-000079.txt
1173431,AMTD,2018/,QTR4/,https://www.sec.gov/Archives/edgar/data/831001/0001209191-18-053733.txt
1174922,WYNN,2018/,QTR4/,https://www.sec.gov/Archives/edgar/data/944745/0001209191-18-054210.txt
1175454,FLT,2018/,QTR4/,https://www.sec.gov/Archives/edgar/data/1683605/0001213900-18-013310.txt
1177394,SNX,2018/,QTR4/,https://www.sec.gov/Archives/edgar/data/1143703/0001209191-18-052771.txt
1177609,FIVE,2018/,QTR4/,https://www.sec.gov/Archives/edgar/data/1198477/0000750556-18-000195.txt
1178670,ALNY,2018/,QTR4/,https://www.sec.gov/Archives/edgar/data/1222781/0001209191-18-052975.txt
1179929,MOH,2018/,QTR4/,https://www.sec.gov/Archives/edgar/data/764065/0000764065-18-000131.txt
1180262,HLF,2018/,QTR4/,https://www.sec.gov/Archives/edgar/data/1213882/0001209191-18-054372.txt
1206264,TPX,2018/,QTR4/,https://www.sec.gov/Archives/edgar/data/21076/0001225208-18-014172.txt
1212458,PFPT,2018/,QTR4/,https://www.sec.gov/Archives/edgar/data/1145949/0001214659-18-006294.txt
1212545,WAL,2018/,QTR4/,https://www.sec.gov/Archives/edgar/data/1522222/0001415889-18-001475.txt
1214816,AXS,2018/,QTR4/,https://www.sec.gov/Archives/edgar/data/1471006/0001493152-18-014013.txt
1219601,CCK,2018/,QTR4/,https://www.sec.gov/Archives/edgar/data/1224608/0001250988-18-000025.txt
1222840,RPAI,2018/,QTR4/,https://www.sec.gov/Archives/edgar/data/1610418/0001610418-18-000037.txt
1232524,JAZZ,2018/,QTR4/,https://www.sec.gov/Archives/edgar/data/1200375/0001567619-18-003426.txt
1252849,CXP,2018/,QTR4/,https://www.sec.gov/Archives/edgar/data/1058290/0001209191-18-052950.txt
1260221,TDG,2018/,QTR4/,https://www.sec.gov/Archives/edgar/data/1244321/0001590503-18-000039.txt
1262039,FTNT,2018/,QTR4/,https://www.sec.gov/Archives/edgar/data/1619175/0001209191-18-054070.txt
1262823,WLK,2018/,QTR4/,https://www.sec.gov/Archives/edgar/data/1168756/0000277595-18-000073.txt
1267238,AIZ,2018/,QTR4/,https://www.sec.gov/Archives/edgar/data/21510/0001179110-18-011780.txt
1273813,AGO,2018/,QTR4/,https://www.sec.gov/Archives/edgar/data/1180036/0001209191-18-054077.txt
1274173,JHG,2018/,QTR4/,https://www.sec.gov/Archives/edgar/data/1439731/0001570585-18-000326.txt
1274494,FSLR,2018/,QTR4/,https://www.sec.gov/Archives/edgar/data/1498547/0001498547-18-000045.txt
1278021,MKTX,2018/,QTR4/,https://www.sec.gov/Archives/edgar/data/1205111/0001209191-18-054349.txt
1280452,MPWR,2018/,QTR4/,https://www.sec.gov/Archives/edgar/data/1186276/0001214659-18-006233.txt
1281761,RF,2018/,QTR4/,https://www.sec.gov/Archives/edgar/data/1498542/0001498542-18-000086.txt
1282637,NEU,2018/,QTR4/,https://www.sec.gov/Archives/edgar/data/1191420/0001286043-18-000120.txt
1283630,ACC,2018/,QTR4/,https://www.sec.gov/Archives/edgar/data/1184766/0001179110-18-011916.txt
1283699,TMUS,2018/,QTR4/,https://www.sec.gov/Archives/edgar/data/1240845/0001127602-18-028684.txt
1285785,MOS,2018/,QTR4/,https://www.sec.gov/Archives/edgar/data/1005229/0001005229-18-000370.txt
1286225,RP,2018/,QTR4/,https://www.sec.gov/Archives/edgar/data/1600420/0001567619-18-003535.txt
1286681,DPZ,2018/,QTR4/,https://www.sec.gov/Archives/edgar/data/28412/0000028412-18-000151.txt
1287865,MPW,2018/,QTR4/,https://www.sec.gov/Archives/edgar/data/1108109/0001209191-18-052865.txt
1289419,MORN,2018/,QTR4/,https://www.sec.gov/Archives/edgar/data/1227654/0001227654-18-000176.txt
1289490,EXR,2018/,QTR4/,https://www.sec.gov/Archives/edgar/data/1184452/0001127602-18-028960.txt
1289790,MIC,2018/,QTR4/,https://www.sec.gov/Archives/edgar/data/816956/0001127602-18-028719.txt
1293971,BLUE,2018/,QTR4/,https://www.sec.gov/Archives/edgar/data/1616695/0001616695-18-000008.txt
1297996,DLR,2018/,QTR4/,https://www.sec.gov/Archives/edgar/data/1163165/0001209191-18-054334.txt
1298675,CUBE,2018/,QTR4/,https://www.sec.gov/Archives/edgar/data/1218815/0000905718-18-000817.txt
1300514,LVS,2018/,QTR4/,https://www.sec.gov/Archives/edgar/data/1637558/0000899243-18-025667.txt
1306830,CE,2018/,QTR4/,https://www.sec.gov/Archives/edgar/data/1047862/0001047862-18-000172.txt
1307954,HUN,2018/,QTR4/,https://www.sec.gov/Archives/edgar/data/23795/0001623528-18-000030.txt
1308161,FOXA,2018/,QTR4/,https://www.sec.gov/Archives/edgar/data/711404/0001127602-18-028867.txt
1308547,DLB,2018/,QTR4/,https://www.sec.gov/Archives/edgar/data/1205008/0001179929-18-000177.txt
1308606,SRC,2018/,QTR4/,https://www.sec.gov/Archives/edgar/data/1188615/0001225208-18-014302.txt
1309108,WEX,2018/,QTR4/,https://www.sec.gov/Archives/edgar/data/909832/0001209191-18-053281.txt
1311370,LAZ,2018/,QTR4/,https://www.sec.gov/Archives/edgar/data/1196701/0001477294-18-000148.txt
1318605,TSLA,2018/,QTR4/,https://www.sec.gov/Archives/edgar/data/1179577/0001220754-18-000089.txt
1320695,THS,2018/,QTR4/,https://www.sec.gov/Archives/edgar/data/225648/0000225648-18-000144.txt
1321732,PEN,2018/,QTR4/,https://www.sec.gov/Archives/edgar/data/1247296/0001209191-18-053144.txt
1324404,CF,2018/,QTR4/,https://www.sec.gov/Archives/edgar/data/1193210/0001232524-18-000176.txt
1324424,EXPE,2018/,QTR4/,https://www.sec.gov/Archives/edgar/data/1559415/0001209191-18-053786.txt
1326160,DUK,2018/,QTR4/,https://www.sec.gov/Archives/edgar/data/1206595/0001209191-18-052997.txt
1326801,FB,2018/,QTR4/,https://www.sec.gov/Archives/edgar/data/1356093/0001213900-18-013347.txt
1327567,PANW,2018/,QTR4/,https://www.sec.gov/Archives/edgar/data/895419/0000895419-18-000118.txt
1327811,WDAY,2018/,QTR4/,https://www.sec.gov/Archives/edgar/data/1244272/0001015328-18-000181.txt
1331875,FNF,2018/,QTR4/,https://www.sec.gov/Archives/edgar/data/1656633/0001385508-18-000086.txt
1335258,LYV,2018/,QTR4/,https://www.sec.gov/Archives/edgar/data/880417/0001209191-18-052846.txt
1336920,LDOS,2018/,QTR4/,https://www.sec.gov/Archives/edgar/data/1449488/0001562180-18-004149.txt
1341439,ORCL,2018/,QTR4/,https://www.sec.gov/Archives/edgar/data/1279025/0001279025-18-000001.txt
1345105,CPA,2018/,QTR4/,https://www.sec.gov/Archives/edgar/data/1193011/0001209191-18-053595.txt
1352010,EPAM,2018/,QTR4/,https://www.sec.gov/Archives/edgar/data/723603/0001404058-18-000023.txt
1353283,SPLK,2018/,QTR4/,https://www.sec.gov/Archives/edgar/data/26172/0001225208-18-014433.txt
1357204,DNKN,2018/,QTR4/,https://www.sec.gov/Archives/edgar/data/1189132/0001214659-18-006222.txt
1358071,CXO,2018/,QTR4/,https://www.sec.gov/Archives/edgar/data/1222612/0001593968-18-001313.txt
1359841,HBI,2018/,QTR4/,https://www.sec.gov/Archives/edgar/data/26324/0001628280-18-012321.txt
1360604,HTA,2018/,QTR4/,https://www.sec.gov/Archives/edgar/data/1623811/0001493152-18-014001.txt
1360901,EVR,2018/,QTR4/,https://www.sec.gov/Archives/edgar/data/1188585/0001294671-18-000074.txt
1364250,DEI,2018/,QTR4/,https://www.sec.gov/Archives/edgar/data/1425292/0001425292-18-000053.txt
1364742,BLK,2018/,QTR4/,https://www.sec.gov/Archives/edgar/data/1558785/0001558785-18-000061.txt
1364885,SPR,2018/,QTR4/,https://www.sec.gov/Archives/edgar/data/1632127/0001437749-18-017919.txt
1365135,WU,2018/,QTR4/,https://www.sec.gov/Archives/edgar/data/1604279/0001127602-18-029654.txt
1370637,ETSY,2018/,QTR4/,https://www.sec.gov/Archives/edgar/data/1556205/0001437749-18-017651.txt
1370880,FEYE,2018/,QTR4/,https://www.sec.gov/Archives/edgar/data/1582473/0000754811-18-000044.txt
1370946,OC,2018/,QTR4/,https://www.sec.gov/Archives/edgar/data/1705843/0001127602-18-029474.txt
1373715,NOW,2018/,QTR4/,https://www.sec.gov/Archives/edgar/data/1754483/0001094891-18-000181.txt
1374310,CBOE,2018/,QTR4/,https://www.sec.gov/Archives/edgar/data/1392459/0001209191-18-053098.txt
1378946,PBCT,2018/,QTR4/,https://www.sec.gov/Archives/edgar/data/1421985/0001209191-18-054017.txt
1378992,BERY,2018/,QTR4/,https://www.sec.gov/Archives/edgar/data/1360442/0001445866-18-001054.txt
1381197,IBKR,2018/,QTR4/,https://www.sec.gov/Archives/edgar/data/1618434/0001179110-18-011962.txt
1381531,UFS,2018/,QTR4/,https://www.sec.gov/Archives/edgar/data/1352413/0001352413-18-000012.txt
1381668,TFSL,2018/,QTR4/,https://www.sec.gov/Archives/edgar/data/1571552/0001209191-18-053813.txt
1383312,BR,2018/,QTR4/,https://www.sec.gov/Archives/edgar/data/1521119/0001225208-18-014451.txt
1384905,RNG,2018/,QTR4/,https://www.sec.gov/Archives/edgar/data/1521119/0001225208-18-014452.txt
1385280,CNK,2018/,QTR4/,https://www.sec.gov/Archives/edgar/data/1521119/0001225208-18-014453.txt
1385867,COUP,2018/,QTR4/,https://www.sec.gov/Archives/edgar/data/1369941/0000100885-18-000232.txt
1389170,TRGP,2018/,QTR4/,https://www.sec.gov/Archives/edgar/data/811222/0001171520-18-000443.txt
1390777,BK,2018/,QTR4/,https://www.sec.gov/Archives/edgar/data/1377149/0000908662-18-000210.txt
1390844,WBC,2018/,QTR4/,https://www.sec.gov/Archives/edgar/data/1695923/0001593968-18-001295.txt
1393052,VEEV,2018/,QTR4/,https://www.sec.gov/Archives/edgar/data/1719934/0000899243-18-025899.txt
1393311,PSA,2018/,QTR4/,https://www.sec.gov/Archives/edgar/data/1611383/0001179110-18-011989.txt
1393612,DFS,2018/,QTR4/,https://www.sec.gov/Archives/edgar/data/1492950/0001492950-18-000022.txt
1395942,KAR,2018/,QTR4/,https://www.sec.gov/Archives/edgar/data/1681252/0001209191-18-054204.txt
1396009,VMC,2018/,QTR4/,https://www.sec.gov/Archives/edgar/data/1413989/0001615774-18-010304.txt
1397187,LULU,2018/,QTR4/,https://www.sec.gov/Archives/edgar/data/1328270/0001598428-18-000096.txt
1397911,LPLA,2018/,QTR4/,https://www.sec.gov/Archives/edgar/data/1629693/0001477932-18-004698.txt
1398659,G,2018/,QTR4/,https://www.sec.gov/Archives/edgar/data/1688418/0001209191-18-054130.txt
1402057,CDW,2018/,QTR4/,https://www.sec.gov/Archives/edgar/data/1565833/0001127602-18-029202.txt
1402436,SSNC,2018/,QTR4/,https://www.sec.gov/Archives/edgar/data/1739288/0001567619-18-003354.txt
1403161,V,2018/,QTR4/,https://www.sec.gov/Archives/edgar/data/1439708/0001127602-18-029470.txt
1403568,ULTA,2018/,QTR4/,https://www.sec.gov/Archives/edgar/data/1333835/0001209191-18-052838.txt
1404655,HUBS,2018/,QTR4/,https://www.sec.gov/Archives/edgar/data/1529402/0000899243-18-025894.txt
1408075,GPK,2018/,QTR4/,https://www.sec.gov/Archives/edgar/data/1596783/0001596783-18-000152.txt
1408198,MSCI,2018/,QTR4/,https://www.sec.gov/Archives/edgar/data/1306830/0001306830-18-000207.txt
1409493,CIM,2018/,QTR4/,https://www.sec.gov/Archives/edgar/data/744218/0001179110-18-011797.txt
1410636,AWK,2018/,QTR4/,https://www.sec.gov/Archives/edgar/data/749647/0001437749-18-017869.txt
1411207,ALSN,2018/,QTR4/,https://www.sec.gov/Archives/edgar/data/1613440/0001716951-18-000036.txt
1413329,PM,2018/,QTR4/,https://www.sec.gov/Archives/edgar/data/1529969/0001567619-18-003817.txt
1415404,SATS,2018/,QTR4/,https://www.sec.gov/Archives/edgar/data/1747224/0001693731-18-000070.txt
1418091,TWTR,2018/,QTR4/,https://www.sec.gov/Archives/edgar/data/1707442/0001127602-18-028736.txt
1418121,APLE,2018/,QTR4/,https://www.sec.gov/Archives/edgar/data/1641154/0001104659-18-060609.txt
1420302,LOGM,2018/,QTR4/,https://www.sec.gov/Archives/edgar/data/1594408/0001571049-18-000496.txt
1420800,CFX,2018/,QTR4/,https://www.sec.gov/Archives/edgar/data/1711968/0001179110-18-012059.txt
1423689,AGNC,2018/,QTR4/,https://www.sec.gov/Archives/edgar/data/1289557/0001144204-18-052587.txt
1428439,ROKU,2018/,QTR4/,https://www.sec.gov/Archives/edgar/data/1504712/0001179110-18-011911.txt
1428875,SERV,2018/,QTR4/,https://www.sec.gov/Archives/edgar/data/1332688/0001332688-18-000018.txt
1433270,AR,2018/,QTR4/,https://www.sec.gov/Archives/edgar/data/1681624/0000814585-18-000033.txt
1434588,LOPE,2018/,QTR4/,https://www.sec.gov/Archives/edgar/data/1337252/0001250853-18-000126.txt
1434621,TREE,2018/,QTR4/,https://www.sec.gov/Archives/edgar/data/1710861/0001179110-18-011882.txt
1437107,DISCA,2018/,QTR4/,https://www.sec.gov/Archives/edgar/data/1306507/0001144204-18-052565.txt
1437578,BFAM,2018/,QTR4/,https://www.sec.gov/Archives/edgar/data/1552282/0001209191-18-054065.txt
1439222,AGIO,2018/,QTR4/,https://www.sec.gov/Archives/edgar/data/1173204/0000932440-18-000070.txt
1439404,ZNGA,2018/,QTR4/,https://www.sec.gov/Archives/edgar/data/1623920/0001209191-18-053691.txt
1441816,MDB,2018/,QTR4/,https://www.sec.gov/Archives/edgar/data/1690996/0001567619-18-003715.txt
1442145,VRSK,2018/,QTR4/,https://www.sec.gov/Archives/edgar/data/1590584/0001590584-18-000002.txt
1443646,BAH,2018/,QTR4/,https://www.sec.gov/Archives/edgar/data/1720031/0001225208-18-014331.txt
1447669,TWLO,2018/,QTR4/,https://www.sec.gov/Archives/edgar/data/913277/0001144204-18-051802.txt
1448056,NEWR,2018/,QTR4/,https://www.sec.gov/Archives/edgar/data/1705909/0001690334-18-000083.txt
1451505,RIG,2018/,QTR4/,https://www.sec.gov/Archives/edgar/data/1407402/0001408176-18-000018.txt
1459417,TWOU,2018/,QTR4/,https://www.sec.gov/Archives/edgar/data/1373845/0001225208-18-014353.txt
1463172,ZEN,2018/,QTR4/,https://www.sec.gov/Archives/edgar/data/1524314/0001371285-18-000198.txt
1465128,STWD,2018/,QTR4/,https://www.sec.gov/Archives/edgar/data/1572758/0001572758-18-000050.txt
1465740,TWO,2018/,QTR4/,https://www.sec.gov/Archives/edgar/data/1307150/0000919574-18-006403.txt
1466258,IR,2018/,QTR4/,https://www.sec.gov/Archives/edgar/data/1443559/0000904454-18-000615.txt
1467373,ACN,2018/,QTR4/,https://www.sec.gov/Archives/edgar/data/1701247/0001209191-18-053442.txt
1467858,GM,2018/,QTR4/,https://www.sec.gov/Archives/edgar/data/1399010/0001493152-18-014020.txt
1468174,H,2018/,QTR4/,https://www.sec.gov/Archives/edgar/data/1603495/0001603495-18-000010.txt
1472787,FAF,2018/,QTR4/,https://www.sec.gov/Archives/edgar/data/1691507/0001567619-18-003505.txt
1474432,PSTG,2018/,QTR4/,https://www.sec.gov/Archives/edgar/data/1620052/0001616707-18-000405.txt
1475922,PRI,2018/,QTR4/,https://www.sec.gov/Archives/edgar/data/1316471/0000784011-18-000079.txt
1477294,ST,2018/,QTR4/,https://www.sec.gov/Archives/edgar/data/1511461/0001590976-18-000089.txt
1482512,HPP,2018/,QTR4/,https://www.sec.gov/Archives/edgar/data/1587406/0001209191-18-053339.txt
1486957,BWXT,2018/,QTR4/,https://www.sec.gov/Archives/edgar/data/1502377/0001567619-18-003652.txt
1487712,AL,2018/,QTR4/,https://www.sec.gov/Archives/edgar/data/1754628/0001567619-18-003440.txt
1487730,SPB,2018/,QTR4/,https://www.sec.gov/Archives/edgar/data/1687052/0001200836-18-000012.txt
1489393,LYB,2018/,QTR4/,https://www.sec.gov/Archives/edgar/data/1335032/0001562180-18-004080.txt
1490892,COR,2018/,QTR4/,https://www.sec.gov/Archives/edgar/data/1410098/0001654954-18-010713.txt
1492426,HZNP,2018/,QTR4/,https://www.sec.gov/Archives/edgar/data/1318084/0001246360-18-002308.txt
1492633,NLSN,2018/,QTR4/,https://www.sec.gov/Archives/edgar/data/1490892/0001209191-18-054151.txt
1492691,KNX,2018/,QTR4/,https://www.sec.gov/Archives/edgar/data/1401680/0001209191-18-054381.txt
1494319,UNVR,2018/,QTR4/,https://www.sec.gov/Archives/edgar/data/1562507/0001400318-18-000008.txt
1498828,HHC,2018/,QTR4/,https://www.sec.gov/Archives/edgar/data/1508459/0001209191-18-053775.txt
1501585,HII,2018/,QTR4/,https://www.sec.gov/Archives/edgar/data/1341253/0001209191-18-054165.txt
1504008,BKU,2018/,QTR4/,https://www.sec.gov/Archives/edgar/data/1346254/0001127602-18-028645.txt
1506307,KMI,2018/,QTR4/,https://www.sec.gov/Archives/edgar/data/1643193/0000763744-18-000226.txt
1507079,FND,2018/,QTR4/,https://www.sec.gov/Archives/edgar/data/1753423/0001409171-18-000074.txt
1507385,VER,2018/,QTR4/,https://www.sec.gov/Archives/edgar/data/1438324/0000899243-18-026255.txt
1509991,KOS,2018/,QTR4/,https://www.sec.gov/Archives/edgar/data/1124524/0001144204-18-052132.txt
1510295,MPC,2018/,QTR4/,https://www.sec.gov/Archives/edgar/data/1546654/0000845877-18-000167.txt
1512673,SQ,2018/,QTR4/,https://www.sec.gov/Archives/edgar/data/1063197/0001736321-18-000019.txt
1513761,NCLH,2018/,QTR4/,https://www.sec.gov/Archives/edgar/data/1488813/0001567619-18-003379.txt
1514991,AMCX,2018/,QTR4/,https://www.sec.gov/Archives/edgar/data/1553023/0001553023-18-000129.txt
1517228,COMM,2018/,QTR4/,https://www.sec.gov/Archives/edgar/data/1501989/0001567619-18-003477.txt
1518832,WPX,2018/,QTR4/,https://www.sec.gov/Archives/edgar/data/1195627/0001127602-18-029269.txt
1519751,FBHS,2018/,QTR4/,https://www.sec.gov/Archives/edgar/data/1245926/0001209191-18-053159.txt
1520262,ALKS,2018/,QTR4/,https://www.sec.gov/Archives/edgar/data/277638/0001572920-18-000010.txt
1520697,ACHC,2018/,QTR4/,https://www.sec.gov/Archives/edgar/data/1218987/0001209191-18-052711.txt
1524472,XYL,2018/,QTR4/,https://www.sec.gov/Archives/edgar/data/1542767/0001127602-18-028708.txt
1526520,TRIP,2018/,QTR4/,https://www.sec.gov/Archives/edgar/data/1724519/0001712184-18-000242.txt
1527469,ATH,2018/,QTR4/,https://www.sec.gov/Archives/edgar/data/1562331/0001209191-18-053785.txt
1528396,GWRE,2018/,QTR4/,https://www.sec.gov/Archives/edgar/data/1249802/0001199719-18-000067.txt
1530950,POST,2018/,QTR4/,https://www.sec.gov/Archives/edgar/data/931336/0001209191-18-053395.txt
1534504,PBF,2018/,QTR4/,https://www.sec.gov/Archives/edgar/data/1225706/0001171843-18-006794.txt
1534701,PSX,2018/,QTR4/,https://www.sec.gov/Archives/edgar/data/1199489/0001199489-18-000006.txt
1535929,VOYA,2018/,QTR4/,https://www.sec.gov/Archives/edgar/data/1145839/0001145839-18-000004.txt
1538990,STOR,2018/,QTR4/,https://www.sec.gov/Archives/edgar/data/1136905/0000950142-18-001962.txt
1539838,FANG,2018/,QTR4/,https://www.sec.gov/Archives/edgar/data/945764/0000945764-18-000151.txt
1541401,ESRT,2018/,QTR4/,https://www.sec.gov/Archives/edgar/data/852772/0000852772-18-000103.txt
1551152,ABBV,2018/,QTR4/,https://www.sec.gov/Archives/edgar/data/1683164/0001144204-18-052708.txt
1551182,ETN,2018/,QTR4/,https://www.sec.gov/Archives/edgar/data/1090908/0001209191-18-052981.txt
1552033,TRU,2018/,QTR4/,https://www.sec.gov/Archives/edgar/data/949039/0001209191-18-052645.txt
1553023,CONE,2018/,QTR4/,https://www.sec.gov/Archives/edgar/data/1198097/0000884905-18-000064.txt
1555280,ZTS,2018/,QTR4/,https://www.sec.gov/Archives/edgar/data/1089063/0001089063-18-000078.txt
1556593,NRZ,2018/,QTR4/,https://www.sec.gov/Archives/edgar/data/1127121/0001127602-18-029382.txt
1562401,AMH,2018/,QTR4/,https://www.sec.gov/Archives/edgar/data/933028/0001209191-18-054257.txt
1571949,ICE,2018/,QTR4/,https://www.sec.gov/Archives/edgar/data/1183597/0001209191-18-052828.txt
1573097,HDS,2018/,QTR4/,https://www.sec.gov/Archives/edgar/data/1231132/0001231132-18-000002.txt
1575189,MTCH,2018/,QTR4/,https://www.sec.gov/Archives/edgar/data/1618861/0001209191-18-054398.txt
1575515,SFM,2018/,QTR4/,https://www.sec.gov/Archives/edgar/data/1239994/0000356309-18-000108.txt
1575965,GLPI,2018/,QTR4/,https://www.sec.gov/Archives/edgar/data/1188435/0001127602-18-028853.txt
1577916,PINC,2018/,QTR4/,https://www.sec.gov/Archives/edgar/data/1272732/0001209191-18-052951.txt
1578845,AGN,2018/,QTR4/,https://www.sec.gov/Archives/edgar/data/1467623/0001209191-18-054138.txt
1579241,ALLE,2018/,QTR4/,https://www.sec.gov/Archives/edgar/data/1113486/0000054480-18-000191.txt
1579298,BURL,2018/,QTR4/,https://www.sec.gov/Archives/edgar/data/1304773/0000899243-18-025658.txt
1579877,OUT,2018/,QTR4/,https://www.sec.gov/Archives/edgar/data/1688568/0001688568-18-000115.txt
1580608,SC,2018/,QTR4/,https://www.sec.gov/Archives/edgar/data/67215/0001249250-18-000003.txt
1581068,BRX,2018/,QTR4/,https://www.sec.gov/Archives/edgar/data/30831/0001260415-18-000028.txt
1584207,OMF,2018/,QTR4/,https://www.sec.gov/Archives/edgar/data/720875/0001654954-18-010783.txt
1584509,ARMK,2018/,QTR4/,https://www.sec.gov/Archives/edgar/data/1700106/0001144204-18-051854.txt
1585364,PRGO,2018/,QTR4/,https://www.sec.gov/Archives/edgar/data/1719757/0000314808-18-000126.txt
1585689,HLT,2018/,QTR4/,https://www.sec.gov/Archives/edgar/data/1642453/0001225208-18-014377.txt
1590955,PAYC,2018/,QTR4/,https://www.sec.gov/Archives/edgar/data/1525769/0001209191-18-052880.txt
1591698,PCTY,2018/,QTR4/,https://www.sec.gov/Archives/edgar/data/1578696/0001209191-18-054248.txt
1592386,VIRT,2018/,QTR4/,https://www.sec.gov/Archives/edgar/data/1675717/0000878526-18-000148.txt
1593538,NAVI,2018/,QTR4/,https://www.sec.gov/Archives/edgar/data/1755218/0001209191-18-054292.txt
1594109,GRUB,2018/,QTR4/,https://www.sec.gov/Archives/edgar/data/1419048/0001225208-18-014158.txt
1594466,PE,2018/,QTR4/,https://www.sec.gov/Archives/edgar/data/1338185/0001457612-18-000097.txt
1596532,ANET,2018/,QTR4/,https://www.sec.gov/Archives/edgar/data/1465378/0001415889-18-001454.txt
1596783,CTLT,2018/,QTR4/,https://www.sec.gov/Archives/edgar/data/1429686/0001127602-18-028885.txt
1597033,SABR,2018/,QTR4/,https://www.sec.gov/Archives/edgar/data/1332215/0001567619-18-003443.txt
1597553,SAGE,2018/,QTR4/,https://www.sec.gov/Archives/edgar/data/1755114/0001755114-18-000001.txt
1598014,INFO,2018/,QTR4/,https://www.sec.gov/Archives/edgar/data/1593138/0001214659-18-006337.txt
1598968,AM,2018/,QTR4/,https://www.sec.gov/Archives/edgar/data/1415301/0001415301-18-000132.txt
1601046,KEYS,2018/,QTR4/,https://www.sec.gov/Archives/edgar/data/1714899/0001209191-18-054042.txt
1601712,SYF,2018/,QTR4/,https://www.sec.gov/Archives/edgar/data/1733051/0001437749-18-017850.txt
1604778,QRVO,2018/,QTR4/,https://www.sec.gov/Archives/edgar/data/1629462/0001445866-18-001008.txt
1605607,PGRE,2018/,QTR4/,https://www.sec.gov/Archives/edgar/data/1720007/0001144204-18-052388.txt
1608249,ZAYO,2018/,QTR4/,https://www.sec.gov/Archives/edgar/data/1409449/0001144204-18-052320.txt
1609702,CDK,2018/,QTR4/,https://www.sec.gov/Archives/edgar/data/1721790/0001209191-18-054053.txt
1609711,GDDY,2018/,QTR4/,https://www.sec.gov/Archives/edgar/data/1656635/0001225208-18-014085.txt
1611983,LBRDK,2018/,QTR4/,https://www.sec.gov/Archives/edgar/data/1474699/0001128732-18-000020.txt
1613103,MDT,2018/,QTR4/,https://www.sec.gov/Archives/edgar/data/1695629/0001428875-18-000127.txt
1613859,PRAH,2018/,QTR4/,https://www.sec.gov/Archives/edgar/data/1732108/0001209191-18-053378.txt
1616707,W,2018/,QTR4/,https://www.sec.gov/Archives/edgar/data/1712371/0001144204-18-052059.txt
1616862,AXTA,2018/,QTR4/,https://www.sec.gov/Archives/edgar/data/844143/0000844143-18-000016.txt
1617406,PK,2018/,QTR4/,https://www.sec.gov/Archives/edgar/data/1053691/0001437749-18-017902.txt
1617640,Z,2018/,QTR4/,https://www.sec.gov/Archives/edgar/data/1393612/0001209191-18-053382.txt
1618732,NTNX,2018/,QTR4/,https://www.sec.gov/Archives/edgar/data/1435387/0000908662-18-000209.txt
1618921,WBA,2018/,QTR4/,https://www.sec.gov/Archives/edgar/data/1721525/0001246360-18-002272.txt
1619762,IGT,2018/,QTR4/,https://www.sec.gov/Archives/edgar/data/1308348/0001174947-18-001201.txt
1623613,MYL,2018/,QTR4/,https://www.sec.gov/Archives/edgar/data/1727794/0001178913-18-002609.txt
1624899,STE,2018/,QTR4/,https://www.sec.gov/Archives/edgar/data/1539856/0001209191-18-054288.txt
1627223,CC,2018/,QTR4/,https://www.sec.gov/Archives/edgar/data/1669811/0001209191-18-053881.txt
1632127,CABO,2018/,QTR4/,https://www.sec.gov/Archives/edgar/data/1621383/0001127602-18-028737.txt
1632790,ENR,2018/,QTR4/,https://www.sec.gov/Archives/edgar/data/1326160/0001326160-18-000189.txt
1633917,PYPL,2018/,QTR4/,https://www.sec.gov/Archives/edgar/data/1651403/0000899243-18-025778.txt
1634997,AGR,2018/,QTR4/,https://www.sec.gov/Archives/edgar/data/1689556/0001225208-18-014181.txt
1636023,WRK,2018/,QTR4/,https://www.sec.gov/Archives/edgar/data/31107/0001567619-18-003311.txt
1636519,MSG,2018/,QTR4/,https://www.sec.gov/Archives/edgar/data/31235/0000891839-18-000097.txt
1637207,PLNT,2018/,QTR4/,https://www.sec.gov/Archives/edgar/data/1177161/0001225208-18-013962.txt
1637459,KHC,2018/,QTR4/,https://www.sec.gov/Archives/edgar/data/1196869/0001225208-18-013966.txt
1639300,OLLI,2018/,QTR4/,https://www.sec.gov/Archives/edgar/data/1074692/0001225208-18-013975.txt
1645590,HPE,2018/,QTR4/,https://www.sec.gov/Archives/edgar/data/1222922/0001225208-18-013995.txt
1649338,AVGO,2018/,QTR4/,https://www.sec.gov/Archives/edgar/data/1196871/0001225208-18-013997.txt
1650372,TEAM,2018/,QTR4/,https://www.sec.gov/Archives/edgar/data/1074690/0001225208-18-013998.txt
1652044,GOOGL,2018/,QTR4/,https://www.sec.gov/Archives/edgar/data/1196872/0001225208-18-014001.txt
1658566,CDEV,2018/,QTR4/,https://www.sec.gov/Archives/edgar/data/1074688/0001225208-18-014003.txt
1659166,FTV,2018/,QTR4/,https://www.sec.gov/Archives/edgar/data/1176984/0001225208-18-014005.txt
1660134,OKTA,2018/,QTR4/,https://www.sec.gov/Archives/edgar/data/1196867/0001225208-18-014006.txt
1665918,USFD,2018/,QTR4/,https://www.sec.gov/Archives/edgar/data/1074540/0001225208-18-014014.txt
1671933,TTD,2018/,QTR4/,https://www.sec.gov/Archives/edgar/data/1196874/0001225208-18-014022.txt
1673358,YUMC,2018/,QTR4/,https://www.sec.gov/Archives/edgar/data/1074691/0001225208-18-014021.txt
1674168,HGV,2018/,QTR4/,https://www.sec.gov/Archives/edgar/data/1177162/0001225208-18-014025.txt
1674862,ASH,2018/,QTR4/,https://www.sec.gov/Archives/edgar/data/1196875/0001225208-18-014026.txt
1674910,VVV,2018/,QTR4/,https://www.sec.gov/Archives/edgar/data/1074685/0001225208-18-014028.txt
1675149,AA,2018/,QTR4/,https://www.sec.gov/Archives/edgar/data/1196876/0001225208-18-014035.txt
1679273,LW,2018/,QTR4/,https://www.sec.gov/Archives/edgar/data/1074686/0001225208-18-014036.txt
1685040,BHF,2018/,QTR4/,https://www.sec.gov/Archives/edgar/data/1196877/0001225208-18-014040.txt
1687229,INVH,2018/,QTR4/,https://www.sec.gov/Archives/edgar/data/1074687/0001225208-18-014044.txt
1688568,DXC,2018/,QTR4/,https://www.sec.gov/Archives/edgar/data/1258623/0001225208-18-014051.txt
1689662,ARD,2018/,QTR4/,https://www.sec.gov/Archives/edgar/data/1070732/0001225208-18-014064.txt
1689796,JBGS,2018/,QTR4/,https://www.sec.gov/Archives/edgar/data/1253327/0001225208-18-014061.txt
1689923,AYX,2018/,QTR4/,https://www.sec.gov/Archives/edgar/data/1270523/0001225208-18-014062.txt
1690820,CVNA,2018/,QTR4/,https://www.sec.gov/Archives/edgar/data/814549/0001209191-18-054190.txt
1692063,SNDR,2018/,QTR4/,https://www.sec.gov/Archives/edgar/data/1223721/0001437749-18-017829.txt
1692819,VST,2018/,QTR4/,https://www.sec.gov/Archives/edgar/data/1201563/0001567619-18-003626.txt
1699150,GDI,2018/,QTR4/,https://www.sec.gov/Archives/edgar/data/1066194/0001104659-18-060318.txt
1702780,ATUS,2018/,QTR4/,https://www.sec.gov/Archives/edgar/data/1438851/0001005284-18-000100.txt
1710583,SWCH,2018/,QTR4/,https://www.sec.gov/Archives/edgar/data/1528223/0001144204-18-051800.txt
